[
  {
    "model": "leave.leavetype",
    "pk": 1,
    "fields": {
      "created_at": "2025-07-22T08:40:47.352Z",
      "created_by": 1,
      "modified_by": 1,
      "is_active": true,
      "icon": "",
      "name": "Compensatory Leave Type",
      "color": null,
      "payment": "paid",
      "count": 1.0,
      "period_in": "day",
      "limit_leave": true,
      "total_days": 1.0,
      "reset": false,
      "is_encashable": false,
      "reset_based": null,
      "reset_month": "",
      "reset_day": null,
      "reset_weekend": null,
      "carryforward_type": "no carryforward",
      "carryforward_max": null,
      "carryforward_expire_in": null,
      "carryforward_expire_period": null,
      "require_approval": "yes",
      "require_attachment": "no",
      "exclude_company_leave": "no",
      "exclude_holiday": "no",
      "is_compensatory_leave": true,
      "company_id": null
    }
  },
  {
    "model": "leave.leavetype",
    "pk": 2,
    "fields": {
      "created_at": "2025-07-22T10:22:18.995Z",
      "created_by": 1,
      "modified_by": 1,
      "is_active": true,
      "icon": "",
      "name": "Casual Leave",
      "color": "#000000",
      "payment": "paid",
      "count": 1.0,
      "period_in": "day",
      "limit_leave": true,
      "total_days": 1.0,
      "reset": true,
      "is_encashable": true,
      "reset_based": "monthly",
      "reset_month": "",
      "reset_day": "1",
      "reset_weekend": null,
      "carryforward_type": "carryforward",
      "carryforward_max": Infinity,
      "carryforward_expire_in": null,
      "carryforward_expire_period": null,
      "require_approval": "yes",
      "require_attachment": "no",
      "exclude_company_leave": "yes",
      "exclude_holiday": "yes",
      "is_compensatory_leave": false,
      "company_id": null
    }
  },
  {
    "model": "leave.leavetype",
    "pk": 3,
    "fields": {
      "created_at": "2025-07-22T10:23:27.333Z",
      "created_by": 1,
      "modified_by": 1,
      "is_active": true,
      "icon": "",
      "name": "Sick Leave",
      "color": "#000000",
      "payment": "paid",
      "count": 10.0,
      "period_in": "day",
      "limit_leave": true,
      "total_days": 10.0,
      "reset": true,
      "is_encashable": false,
      "reset_based": "monthly",
      "reset_month": "",
      "reset_day": "1",
      "reset_weekend": null,
      "carryforward_type": "no carryforward",
      "carryforward_max": null,
      "carryforward_expire_in": null,
      "carryforward_expire_period": null,
      "require_approval": "yes",
      "require_attachment": "yes",
      "exclude_company_leave": "yes",
      "exclude_holiday": "yes",
      "is_compensatory_leave": false,
      "company_id": null
    }
  },
  {
    "model": "leave.leavetype",
    "pk": 4,
    "fields": {
      "created_at": "2025-07-22T10:24:19.925Z",
      "created_by": 1,
      "modified_by": 1,
      "is_active": true,
      "icon": "",
      "name": "Maternity Leave",
      "color": "#000000",
      "payment": "unpaid",
      "count": 90.0,
      "period_in": "day",
      "limit_leave": true,
      "total_days": 90.0,
      "reset": false,
      "is_encashable": false,
      "reset_based": null,
      "reset_month": "",
      "reset_day": null,
      "reset_weekend": null,
      "carryforward_type": "no carryforward",
      "carryforward_max": null,
      "carryforward_expire_in": null,
      "carryforward_expire_period": null,
      "require_approval": "yes",
      "require_attachment": "yes",
      "exclude_company_leave": "no",
      "exclude_holiday": "no",
      "is_compensatory_leave": false,
      "company_id": null
    }
  },
  {
    "model": "leave.availableleave",
    "pk": 1,
    "fields": {
      "created_at": "2025-07-22T10:35:05.363Z",
      "created_by": 1,
      "modified_by": 1,
      "is_active": true,
      "employee_id": 12,
      "leave_type_id": 3,
      "available_days": 10.0,
      "carryforward_days": 0.0,
      "total_leave_days": 10.0,
      "assigned_date": "2025-07-22",
      "reset_date": "2025-07-01",
      "expired_date": null
    }
  },
  {
    "model": "leave.availableleave",
    "pk": 2,
    "fields": {
      "created_at": "2025-07-22T10:35:05.580Z",
      "created_by": 1,
      "modified_by": 1,
      "is_active": true,
      "employee_id": 12,
      "leave_type_id": 2,
      "available_days": 1.0,
      "carryforward_days": 0.0,
      "total_leave_days": 1.0,
      "assigned_date": "2025-07-22",
      "reset_date": "2025-07-01",
      "expired_date": null
    }
  },
  {
    "model": "leave.availableleave",
    "pk": 3,
    "fields": {
      "created_at": "2025-07-22T10:35:05.678Z",
      "created_by": 1,
      "modified_by": 1,
      "is_active": true,
      "employee_id": 1,
      "leave_type_id": 3,
      "available_days": 10.0,
      "carryforward_days": 0.0,
      "total_leave_days": 10.0,
      "assigned_date": "2025-07-22",
      "reset_date": "2025-07-01",
      "expired_date": null
    }
  },
  {
    "model": "leave.availableleave",
    "pk": 4,
    "fields": {
      "created_at": "2025-07-22T10:35:05.755Z",
      "created_by": 1,
      "modified_by": 1,
      "is_active": true,
      "employee_id": 1,
      "leave_type_id": 2,
      "available_days": 1.0,
      "carryforward_days": 0.0,
      "total_leave_days": 1.0,
      "assigned_date": "2025-07-22",
      "reset_date": "2025-07-01",
      "expired_date": null
    }
  },
  {
    "model": "leave.availableleave",
    "pk": 5,
    "fields": {
      "created_at": "2025-07-22T10:35:05.828Z",
      "created_by": 1,
      "modified_by": 1,
      "is_active": true,
      "employee_id": 37,
      "leave_type_id": 3,
      "available_days": 10.0,
      "carryforward_days": 0.0,
      "total_leave_days": 10.0,
      "assigned_date": "2025-07-22",
      "reset_date": "2025-07-01",
      "expired_date": null
    }
  },
  {
    "model": "leave.availableleave",
    "pk": 6,
    "fields": {
      "created_at": "2025-07-22T10:35:05.911Z",
      "created_by": 1,
      "modified_by": 1,
      "is_active": true,
      "employee_id": 37,
      "leave_type_id": 2,
      "available_days": 1.0,
      "carryforward_days": 0.0,
      "total_leave_days": 1.0,
      "assigned_date": "2025-07-22",
      "reset_date": "2025-07-01",
      "expired_date": null
    }
  },
  {
    "model": "leave.availableleave",
    "pk": 7,
    "fields": {
      "created_at": "2025-07-22T10:35:06.018Z",
      "created_by": 1,
      "modified_by": 1,
      "is_active": true,
      "employee_id": 13,
      "leave_type_id": 3,
      "available_days": 10.0,
      "carryforward_days": 0.0,
      "total_leave_days": 10.0,
      "assigned_date": "2025-07-22",
      "reset_date": "2025-07-01",
      "expired_date": null
    }
  },
  {
    "model": "leave.availableleave",
    "pk": 8,
    "fields": {
      "created_at": "2025-07-22T10:35:06.122Z",
      "created_by": 1,
      "modified_by": 1,
      "is_active": true,
      "employee_id": 13,
      "leave_type_id": 2,
      "available_days": 1.0,
      "carryforward_days": 0.0,
      "total_leave_days": 1.0,
      "assigned_date": "2025-07-22",
      "reset_date": "2025-07-01",
      "expired_date": null
    }
  },
  {
    "model": "leave.availableleave",
    "pk": 9,
    "fields": {
      "created_at": "2025-07-22T10:35:06.213Z",
      "created_by": 1,
      "modified_by": 1,
      "is_active": true,
      "employee_id": 63,
      "leave_type_id": 3,
      "available_days": 10.0,
      "carryforward_days": 0.0,
      "total_leave_days": 10.0,
      "assigned_date": "2025-07-22",
      "reset_date": "2025-07-01",
      "expired_date": null
    }
  },
  {
    "model": "leave.availableleave",
    "pk": 10,
    "fields": {
      "created_at": "2025-07-22T10:35:06.281Z",
      "created_by": 1,
      "modified_by": 1,
      "is_active": true,
      "employee_id": 63,
      "leave_type_id": 2,
      "available_days": 1.0,
      "carryforward_days": 0.0,
      "total_leave_days": 1.0,
      "assigned_date": "2025-07-22",
      "reset_date": "2025-07-01",
      "expired_date": null
    }
  },
  {
    "model": "leave.availableleave",
    "pk": 11,
    "fields": {
      "created_at": "2025-07-22T10:35:06.350Z",
      "created_by": 1,
      "modified_by": 1,
      "is_active": true,
      "employee_id": 22,
      "leave_type_id": 3,
      "available_days": 10.0,
      "carryforward_days": 0.0,
      "total_leave_days": 10.0,
      "assigned_date": "2025-07-22",
      "reset_date": "2025-07-01",
      "expired_date": null
    }
  },
  {
    "model": "leave.availableleave",
    "pk": 12,
    "fields": {
      "created_at": "2025-07-22T10:35:06.422Z",
      "created_by": 1,
      "modified_by": 1,
      "is_active": true,
      "employee_id": 22,
      "leave_type_id": 2,
      "available_days": 1.0,
      "carryforward_days": 0.0,
      "total_leave_days": 1.0,
      "assigned_date": "2025-07-22",
      "reset_date": "2025-07-01",
      "expired_date": null
    }
  },
  {
    "model": "leave.availableleave",
    "pk": 13,
    "fields": {
      "created_at": "2025-07-22T10:35:06.494Z",
      "created_by": 1,
      "modified_by": 1,
      "is_active": true,
      "employee_id": 68,
      "leave_type_id": 3,
      "available_days": 10.0,
      "carryforward_days": 0.0,
      "total_leave_days": 10.0,
      "assigned_date": "2025-07-22",
      "reset_date": "2025-07-01",
      "expired_date": null
    }
  },
  {
    "model": "leave.availableleave",
    "pk": 14,
    "fields": {
      "created_at": "2025-07-22T10:35:06.564Z",
      "created_by": 1,
      "modified_by": 1,
      "is_active": true,
      "employee_id": 68,
      "leave_type_id": 2,
      "available_days": 1.0,
      "carryforward_days": 0.0,
      "total_leave_days": 1.0,
      "assigned_date": "2025-07-22",
      "reset_date": "2025-07-01",
      "expired_date": null
    }
  },
  {
    "model": "leave.availableleave",
    "pk": 15,
    "fields": {
      "created_at": "2025-07-22T10:35:06.639Z",
      "created_by": 1,
      "modified_by": 1,
      "is_active": true,
      "employee_id": 40,
      "leave_type_id": 3,
      "available_days": 10.0,
      "carryforward_days": 0.0,
      "total_leave_days": 10.0,
      "assigned_date": "2025-07-22",
      "reset_date": "2025-07-01",
      "expired_date": null
    }
  },
  {
    "model": "leave.availableleave",
    "pk": 16,
    "fields": {
      "created_at": "2025-07-22T10:35:06.714Z",
      "created_by": 1,
      "modified_by": 1,
      "is_active": true,
      "employee_id": 40,
      "leave_type_id": 2,
      "available_days": 1.0,
      "carryforward_days": 0.0,
      "total_leave_days": 1.0,
      "assigned_date": "2025-07-22",
      "reset_date": "2025-07-01",
      "expired_date": null
    }
  },
  {
    "model": "leave.availableleave",
    "pk": 17,
    "fields": {
      "created_at": "2025-07-22T10:35:06.785Z",
      "created_by": 1,
      "modified_by": 1,
      "is_active": true,
      "employee_id": 28,
      "leave_type_id": 3,
      "available_days": 10.0,
      "carryforward_days": 0.0,
      "total_leave_days": 10.0,
      "assigned_date": "2025-07-22",
      "reset_date": "2025-07-01",
      "expired_date": null
    }
  },
  {
    "model": "leave.availableleave",
    "pk": 18,
    "fields": {
      "created_at": "2025-07-22T10:35:06.850Z",
      "created_by": 1,
      "modified_by": 1,
      "is_active": true,
      "employee_id": 28,
      "leave_type_id": 2,
      "available_days": 1.0,
      "carryforward_days": 0.0,
      "total_leave_days": 1.0,
      "assigned_date": "2025-07-22",
      "reset_date": "2025-07-01",
      "expired_date": null
    }
  },
  {
    "model": "leave.availableleave",
    "pk": 19,
    "fields": {
      "created_at": "2025-07-22T10:35:06.911Z",
      "created_by": 1,
      "modified_by": 1,
      "is_active": true,
      "employee_id": 11,
      "leave_type_id": 3,
      "available_days": 10.0,
      "carryforward_days": 0.0,
      "total_leave_days": 10.0,
      "assigned_date": "2025-07-22",
      "reset_date": "2025-07-01",
      "expired_date": null
    }
  },
  {
    "model": "leave.availableleave",
    "pk": 20,
    "fields": {
      "created_at": "2025-07-22T10:35:06.981Z",
      "created_by": 1,
      "modified_by": 1,
      "is_active": true,
      "employee_id": 11,
      "leave_type_id": 2,
      "available_days": 1.0,
      "carryforward_days": 0.0,
      "total_leave_days": 1.0,
      "assigned_date": "2025-07-22",
      "reset_date": "2025-07-01",
      "expired_date": null
    }
  },
  {
    "model": "leave.availableleave",
    "pk": 21,
    "fields": {
      "created_at": "2025-07-22T10:35:07.040Z",
      "created_by": 1,
      "modified_by": 1,
      "is_active": true,
      "employee_id": 62,
      "leave_type_id": 3,
      "available_days": 10.0,
      "carryforward_days": 0.0,
      "total_leave_days": 10.0,
      "assigned_date": "2025-07-22",
      "reset_date": "2025-07-01",
      "expired_date": null
    }
  },
  {
    "model": "leave.availableleave",
    "pk": 22,
    "fields": {
      "created_at": "2025-07-22T10:35:07.103Z",
      "created_by": 1,
      "modified_by": 1,
      "is_active": true,
      "employee_id": 62,
      "leave_type_id": 2,
      "available_days": 1.0,
      "carryforward_days": 0.0,
      "total_leave_days": 1.0,
      "assigned_date": "2025-07-22",
      "reset_date": "2025-07-01",
      "expired_date": null
    }
  },
  {
    "model": "leave.availableleave",
    "pk": 23,
    "fields": {
      "created_at": "2025-07-22T10:35:07.161Z",
      "created_by": 1,
      "modified_by": 1,
      "is_active": true,
      "employee_id": 47,
      "leave_type_id": 3,
      "available_days": 10.0,
      "carryforward_days": 0.0,
      "total_leave_days": 10.0,
      "assigned_date": "2025-07-22",
      "reset_date": "2025-07-01",
      "expired_date": null
    }
  },
  {
    "model": "leave.availableleave",
    "pk": 24,
    "fields": {
      "created_at": "2025-07-22T10:35:07.230Z",
      "created_by": 1,
      "modified_by": 1,
      "is_active": true,
      "employee_id": 47,
      "leave_type_id": 2,
      "available_days": 1.0,
      "carryforward_days": 0.0,
      "total_leave_days": 1.0,
      "assigned_date": "2025-07-22",
      "reset_date": "2025-07-01",
      "expired_date": null
    }
  },
  {
    "model": "leave.availableleave",
    "pk": 25,
    "fields": {
      "created_at": "2025-07-22T10:35:07.288Z",
      "created_by": 1,
      "modified_by": 1,
      "is_active": true,
      "employee_id": 16,
      "leave_type_id": 3,
      "available_days": 10.0,
      "carryforward_days": 0.0,
      "total_leave_days": 10.0,
      "assigned_date": "2025-07-22",
      "reset_date": "2025-07-01",
      "expired_date": null
    }
  },
  {
    "model": "leave.availableleave",
    "pk": 26,
    "fields": {
      "created_at": "2025-07-22T10:35:07.344Z",
      "created_by": 1,
      "modified_by": 1,
      "is_active": true,
      "employee_id": 16,
      "leave_type_id": 2,
      "available_days": 1.0,
      "carryforward_days": 0.0,
      "total_leave_days": 1.0,
      "assigned_date": "2025-07-22",
      "reset_date": "2025-07-01",
      "expired_date": null
    }
  },
  {
    "model": "leave.availableleave",
    "pk": 27,
    "fields": {
      "created_at": "2025-07-22T10:35:07.411Z",
      "created_by": 1,
      "modified_by": 1,
      "is_active": true,
      "employee_id": 36,
      "leave_type_id": 3,
      "available_days": 10.0,
      "carryforward_days": 0.0,
      "total_leave_days": 10.0,
      "assigned_date": "2025-07-22",
      "reset_date": "2025-07-01",
      "expired_date": null
    }
  },
  {
    "model": "leave.availableleave",
    "pk": 28,
    "fields": {
      "created_at": "2025-07-22T10:35:07.464Z",
      "created_by": 1,
      "modified_by": 1,
      "is_active": true,
      "employee_id": 36,
      "leave_type_id": 2,
      "available_days": 1.0,
      "carryforward_days": 0.0,
      "total_leave_days": 1.0,
      "assigned_date": "2025-07-22",
      "reset_date": "2025-07-01",
      "expired_date": null
    }
  },
  {
    "model": "leave.availableleave",
    "pk": 29,
    "fields": {
      "created_at": "2025-07-22T10:35:07.614Z",
      "created_by": 1,
      "modified_by": 1,
      "is_active": true,
      "employee_id": 9,
      "leave_type_id": 3,
      "available_days": 10.0,
      "carryforward_days": 0.0,
      "total_leave_days": 10.0,
      "assigned_date": "2025-07-22",
      "reset_date": "2025-07-01",
      "expired_date": null
    }
  },
  {
    "model": "leave.availableleave",
    "pk": 30,
    "fields": {
      "created_at": "2025-07-22T10:35:07.801Z",
      "created_by": 1,
      "modified_by": 1,
      "is_active": true,
      "employee_id": 9,
      "leave_type_id": 2,
      "available_days": 1.0,
      "carryforward_days": 0.0,
      "total_leave_days": 1.0,
      "assigned_date": "2025-07-22",
      "reset_date": "2025-07-01",
      "expired_date": null
    }
  },
  {
    "model": "leave.availableleave",
    "pk": 31,
    "fields": {
      "created_at": "2025-07-22T10:35:07.881Z",
      "created_by": 1,
      "modified_by": 1,
      "is_active": true,
      "employee_id": 71,
      "leave_type_id": 3,
      "available_days": 10.0,
      "carryforward_days": 0.0,
      "total_leave_days": 10.0,
      "assigned_date": "2025-07-22",
      "reset_date": "2025-07-01",
      "expired_date": null
    }
  },
  {
    "model": "leave.availableleave",
    "pk": 32,
    "fields": {
      "created_at": "2025-07-22T10:35:07.955Z",
      "created_by": 1,
      "modified_by": 1,
      "is_active": true,
      "employee_id": 71,
      "leave_type_id": 2,
      "available_days": 1.0,
      "carryforward_days": 0.0,
      "total_leave_days": 1.0,
      "assigned_date": "2025-07-22",
      "reset_date": "2025-07-01",
      "expired_date": null
    }
  },
  {
    "model": "leave.availableleave",
    "pk": 33,
    "fields": {
      "created_at": "2025-07-22T10:35:08.035Z",
      "created_by": 1,
      "modified_by": 1,
      "is_active": true,
      "employee_id": 7,
      "leave_type_id": 3,
      "available_days": 10.0,
      "carryforward_days": 0.0,
      "total_leave_days": 10.0,
      "assigned_date": "2025-07-22",
      "reset_date": "2025-07-01",
      "expired_date": null
    }
  },
  {
    "model": "leave.availableleave",
    "pk": 34,
    "fields": {
      "created_at": "2025-07-22T10:35:08.101Z",
      "created_by": 1,
      "modified_by": 1,
      "is_active": true,
      "employee_id": 7,
      "leave_type_id": 2,
      "available_days": 1.0,
      "carryforward_days": 0.0,
      "total_leave_days": 1.0,
      "assigned_date": "2025-07-22",
      "reset_date": "2025-07-01",
      "expired_date": null
    }
  },
  {
    "model": "leave.availableleave",
    "pk": 35,
    "fields": {
      "created_at": "2025-07-22T10:35:08.161Z",
      "created_by": 1,
      "modified_by": 1,
      "is_active": true,
      "employee_id": 76,
      "leave_type_id": 3,
      "available_days": 10.0,
      "carryforward_days": 0.0,
      "total_leave_days": 10.0,
      "assigned_date": "2025-07-22",
      "reset_date": "2025-07-01",
      "expired_date": null
    }
  },
  {
    "model": "leave.availableleave",
    "pk": 36,
    "fields": {
      "created_at": "2025-07-22T10:35:08.214Z",
      "created_by": 1,
      "modified_by": 1,
      "is_active": true,
      "employee_id": 76,
      "leave_type_id": 2,
      "available_days": 1.0,
      "carryforward_days": 0.0,
      "total_leave_days": 1.0,
      "assigned_date": "2025-07-22",
      "reset_date": "2025-07-01",
      "expired_date": null
    }
  },
  {
    "model": "leave.availableleave",
    "pk": 37,
    "fields": {
      "created_at": "2025-07-22T10:35:08.280Z",
      "created_by": 1,
      "modified_by": 1,
      "is_active": true,
      "employee_id": 58,
      "leave_type_id": 3,
      "available_days": 10.0,
      "carryforward_days": 0.0,
      "total_leave_days": 10.0,
      "assigned_date": "2025-07-22",
      "reset_date": "2025-07-01",
      "expired_date": null
    }
  },
  {
    "model": "leave.availableleave",
    "pk": 38,
    "fields": {
      "created_at": "2025-07-22T10:35:08.344Z",
      "created_by": 1,
      "modified_by": 1,
      "is_active": true,
      "employee_id": 58,
      "leave_type_id": 2,
      "available_days": 1.0,
      "carryforward_days": 0.0,
      "total_leave_days": 1.0,
      "assigned_date": "2025-07-22",
      "reset_date": "2025-07-01",
      "expired_date": null
    }
  },
  {
    "model": "leave.availableleave",
    "pk": 39,
    "fields": {
      "created_at": "2025-07-22T10:35:08.405Z",
      "created_by": 1,
      "modified_by": 1,
      "is_active": true,
      "employee_id": 30,
      "leave_type_id": 3,
      "available_days": 10.0,
      "carryforward_days": 0.0,
      "total_leave_days": 10.0,
      "assigned_date": "2025-07-22",
      "reset_date": "2025-07-01",
      "expired_date": null
    }
  },
  {
    "model": "leave.availableleave",
    "pk": 40,
    "fields": {
      "created_at": "2025-07-22T10:35:08.461Z",
      "created_by": 1,
      "modified_by": 1,
      "is_active": true,
      "employee_id": 30,
      "leave_type_id": 2,
      "available_days": 1.0,
      "carryforward_days": 0.0,
      "total_leave_days": 1.0,
      "assigned_date": "2025-07-22",
      "reset_date": "2025-07-01",
      "expired_date": null
    }
  },
  {
    "model": "leave.availableleave",
    "pk": 41,
    "fields": {
      "created_at": "2025-07-22T10:35:08.531Z",
      "created_by": 1,
      "modified_by": 1,
      "is_active": true,
      "employee_id": 44,
      "leave_type_id": 3,
      "available_days": 10.0,
      "carryforward_days": 0.0,
      "total_leave_days": 10.0,
      "assigned_date": "2025-07-22",
      "reset_date": "2025-07-01",
      "expired_date": null
    }
  },
  {
    "model": "leave.availableleave",
    "pk": 42,
    "fields": {
      "created_at": "2025-07-22T10:35:08.587Z",
      "created_by": 1,
      "modified_by": 1,
      "is_active": true,
      "employee_id": 44,
      "leave_type_id": 2,
      "available_days": 1.0,
      "carryforward_days": 0.0,
      "total_leave_days": 1.0,
      "assigned_date": "2025-07-22",
      "reset_date": "2025-07-01",
      "expired_date": null
    }
  },
  {
    "model": "leave.availableleave",
    "pk": 43,
    "fields": {
      "created_at": "2025-07-22T10:35:08.644Z",
      "created_by": 1,
      "modified_by": 1,
      "is_active": true,
      "employee_id": 4,
      "leave_type_id": 3,
      "available_days": 10.0,
      "carryforward_days": 0.0,
      "total_leave_days": 10.0,
      "assigned_date": "2025-07-22",
      "reset_date": "2025-07-01",
      "expired_date": null
    }
  },
  {
    "model": "leave.availableleave",
    "pk": 44,
    "fields": {
      "created_at": "2025-07-22T10:35:08.711Z",
      "created_by": 1,
      "modified_by": 1,
      "is_active": true,
      "employee_id": 4,
      "leave_type_id": 2,
      "available_days": 1.0,
      "carryforward_days": 0.0,
      "total_leave_days": 1.0,
      "assigned_date": "2025-07-22",
      "reset_date": "2025-07-01",
      "expired_date": null
    }
  },
  {
    "model": "leave.availableleave",
    "pk": 45,
    "fields": {
      "created_at": "2025-07-22T10:35:08.765Z",
      "created_by": 1,
      "modified_by": 1,
      "is_active": true,
      "employee_id": 8,
      "leave_type_id": 3,
      "available_days": 10.0,
      "carryforward_days": 0.0,
      "total_leave_days": 10.0,
      "assigned_date": "2025-07-22",
      "reset_date": "2025-07-01",
      "expired_date": null
    }
  },
  {
    "model": "leave.availableleave",
    "pk": 46,
    "fields": {
      "created_at": "2025-07-22T10:35:08.831Z",
      "created_by": 1,
      "modified_by": 1,
      "is_active": true,
      "employee_id": 8,
      "leave_type_id": 2,
      "available_days": 1.0,
      "carryforward_days": 0.0,
      "total_leave_days": 1.0,
      "assigned_date": "2025-07-22",
      "reset_date": "2025-07-01",
      "expired_date": null
    }
  },
  {
    "model": "leave.availableleave",
    "pk": 47,
    "fields": {
      "created_at": "2025-07-22T10:35:08.887Z",
      "created_by": 1,
      "modified_by": 1,
      "is_active": true,
      "employee_id": 27,
      "leave_type_id": 3,
      "available_days": 10.0,
      "carryforward_days": 0.0,
      "total_leave_days": 10.0,
      "assigned_date": "2025-07-22",
      "reset_date": "2025-07-01",
      "expired_date": null
    }
  },
  {
    "model": "leave.availableleave",
    "pk": 48,
    "fields": {
      "created_at": "2025-07-22T10:35:08.958Z",
      "created_by": 1,
      "modified_by": 1,
      "is_active": true,
      "employee_id": 27,
      "leave_type_id": 2,
      "available_days": 1.0,
      "carryforward_days": 0.0,
      "total_leave_days": 1.0,
      "assigned_date": "2025-07-22",
      "reset_date": "2025-07-01",
      "expired_date": null
    }
  },
  {
    "model": "leave.availableleave",
    "pk": 49,
    "fields": {
      "created_at": "2025-07-22T10:35:09.021Z",
      "created_by": 1,
      "modified_by": 1,
      "is_active": true,
      "employee_id": 26,
      "leave_type_id": 3,
      "available_days": 10.0,
      "carryforward_days": 0.0,
      "total_leave_days": 10.0,
      "assigned_date": "2025-07-22",
      "reset_date": "2025-07-01",
      "expired_date": null
    }
  },
  {
    "model": "leave.availableleave",
    "pk": 50,
    "fields": {
      "created_at": "2025-07-22T10:35:09.095Z",
      "created_by": 1,
      "modified_by": 1,
      "is_active": true,
      "employee_id": 26,
      "leave_type_id": 2,
      "available_days": 1.0,
      "carryforward_days": 0.0,
      "total_leave_days": 1.0,
      "assigned_date": "2025-07-22",
      "reset_date": "2025-07-01",
      "expired_date": null
    }
  },
  {
    "model": "leave.availableleave",
    "pk": 51,
    "fields": {
      "created_at": "2025-07-22T10:35:09.230Z",
      "created_by": 1,
      "modified_by": 1,
      "is_active": true,
      "employee_id": 39,
      "leave_type_id": 3,
      "available_days": 10.0,
      "carryforward_days": 0.0,
      "total_leave_days": 10.0,
      "assigned_date": "2025-07-22",
      "reset_date": "2025-07-01",
      "expired_date": null
    }
  },
  {
    "model": "leave.availableleave",
    "pk": 52,
    "fields": {
      "created_at": "2025-07-22T10:35:09.315Z",
      "created_by": 1,
      "modified_by": 1,
      "is_active": true,
      "employee_id": 39,
      "leave_type_id": 2,
      "available_days": 1.0,
      "carryforward_days": 0.0,
      "total_leave_days": 1.0,
      "assigned_date": "2025-07-22",
      "reset_date": "2025-07-01",
      "expired_date": null
    }
  },
  {
    "model": "leave.availableleave",
    "pk": 53,
    "fields": {
      "created_at": "2025-07-22T10:35:09.398Z",
      "created_by": 1,
      "modified_by": 1,
      "is_active": true,
      "employee_id": 18,
      "leave_type_id": 3,
      "available_days": 10.0,
      "carryforward_days": 0.0,
      "total_leave_days": 10.0,
      "assigned_date": "2025-07-22",
      "reset_date": "2025-07-01",
      "expired_date": null
    }
  },
  {
    "model": "leave.availableleave",
    "pk": 54,
    "fields": {
      "created_at": "2025-07-22T10:35:09.464Z",
      "created_by": 1,
      "modified_by": 1,
      "is_active": true,
      "employee_id": 18,
      "leave_type_id": 2,
      "available_days": 1.0,
      "carryforward_days": 0.0,
      "total_leave_days": 1.0,
      "assigned_date": "2025-07-22",
      "reset_date": "2025-07-01",
      "expired_date": null
    }
  },
  {
    "model": "leave.availableleave",
    "pk": 55,
    "fields": {
      "created_at": "2025-07-22T10:35:09.535Z",
      "created_by": 1,
      "modified_by": 1,
      "is_active": true,
      "employee_id": 55,
      "leave_type_id": 3,
      "available_days": 10.0,
      "carryforward_days": 0.0,
      "total_leave_days": 10.0,
      "assigned_date": "2025-07-22",
      "reset_date": "2025-07-01",
      "expired_date": null
    }
  },
  {
    "model": "leave.availableleave",
    "pk": 56,
    "fields": {
      "created_at": "2025-07-22T10:35:09.614Z",
      "created_by": 1,
      "modified_by": 1,
      "is_active": true,
      "employee_id": 55,
      "leave_type_id": 2,
      "available_days": 1.0,
      "carryforward_days": 0.0,
      "total_leave_days": 1.0,
      "assigned_date": "2025-07-22",
      "reset_date": "2025-07-01",
      "expired_date": null
    }
  },
  {
    "model": "leave.availableleave",
    "pk": 57,
    "fields": {
      "created_at": "2025-07-22T10:35:09.683Z",
      "created_by": 1,
      "modified_by": 1,
      "is_active": true,
      "employee_id": 24,
      "leave_type_id": 3,
      "available_days": 10.0,
      "carryforward_days": 0.0,
      "total_leave_days": 10.0,
      "assigned_date": "2025-07-22",
      "reset_date": "2025-07-01",
      "expired_date": null
    }
  },
  {
    "model": "leave.availableleave",
    "pk": 58,
    "fields": {
      "created_at": "2025-07-22T10:35:09.746Z",
      "created_by": 1,
      "modified_by": 1,
      "is_active": true,
      "employee_id": 24,
      "leave_type_id": 2,
      "available_days": 1.0,
      "carryforward_days": 0.0,
      "total_leave_days": 1.0,
      "assigned_date": "2025-07-22",
      "reset_date": "2025-07-01",
      "expired_date": null
    }
  },
  {
    "model": "leave.availableleave",
    "pk": 59,
    "fields": {
      "created_at": "2025-07-22T10:35:09.806Z",
      "created_by": 1,
      "modified_by": 1,
      "is_active": true,
      "employee_id": 51,
      "leave_type_id": 3,
      "available_days": 10.0,
      "carryforward_days": 0.0,
      "total_leave_days": 10.0,
      "assigned_date": "2025-07-22",
      "reset_date": "2025-07-01",
      "expired_date": null
    }
  },
  {
    "model": "leave.availableleave",
    "pk": 60,
    "fields": {
      "created_at": "2025-07-22T10:35:09.882Z",
      "created_by": 1,
      "modified_by": 1,
      "is_active": true,
      "employee_id": 51,
      "leave_type_id": 2,
      "available_days": 1.0,
      "carryforward_days": 0.0,
      "total_leave_days": 1.0,
      "assigned_date": "2025-07-22",
      "reset_date": "2025-07-01",
      "expired_date": null
    }
  },
  {
    "model": "leave.availableleave",
    "pk": 61,
    "fields": {
      "created_at": "2025-07-22T10:35:09.950Z",
      "created_by": 1,
      "modified_by": 1,
      "is_active": true,
      "employee_id": 33,
      "leave_type_id": 3,
      "available_days": 10.0,
      "carryforward_days": 0.0,
      "total_leave_days": 10.0,
      "assigned_date": "2025-07-22",
      "reset_date": "2025-07-01",
      "expired_date": null
    }
  },
  {
    "model": "leave.availableleave",
    "pk": 62,
    "fields": {
      "created_at": "2025-07-22T10:35:10.016Z",
      "created_by": 1,
      "modified_by": 1,
      "is_active": true,
      "employee_id": 33,
      "leave_type_id": 2,
      "available_days": 1.0,
      "carryforward_days": 0.0,
      "total_leave_days": 1.0,
      "assigned_date": "2025-07-22",
      "reset_date": "2025-07-01",
      "expired_date": null
    }
  },
  {
    "model": "leave.availableleave",
    "pk": 63,
    "fields": {
      "created_at": "2025-07-22T10:35:10.078Z",
      "created_by": 1,
      "modified_by": 1,
      "is_active": true,
      "employee_id": 56,
      "leave_type_id": 3,
      "available_days": 10.0,
      "carryforward_days": 0.0,
      "total_leave_days": 10.0,
      "assigned_date": "2025-07-22",
      "reset_date": "2025-07-01",
      "expired_date": null
    }
  },
  {
    "model": "leave.availableleave",
    "pk": 64,
    "fields": {
      "created_at": "2025-07-22T10:35:10.147Z",
      "created_by": 1,
      "modified_by": 1,
      "is_active": true,
      "employee_id": 56,
      "leave_type_id": 2,
      "available_days": 1.0,
      "carryforward_days": 0.0,
      "total_leave_days": 1.0,
      "assigned_date": "2025-07-22",
      "reset_date": "2025-07-01",
      "expired_date": null
    }
  },
  {
    "model": "leave.availableleave",
    "pk": 65,
    "fields": {
      "created_at": "2025-07-22T10:35:10.213Z",
      "created_by": 1,
      "modified_by": 1,
      "is_active": true,
      "employee_id": 75,
      "leave_type_id": 3,
      "available_days": 10.0,
      "carryforward_days": 0.0,
      "total_leave_days": 10.0,
      "assigned_date": "2025-07-22",
      "reset_date": "2025-07-01",
      "expired_date": null
    }
  },
  {
    "model": "leave.availableleave",
    "pk": 66,
    "fields": {
      "created_at": "2025-07-22T10:35:10.278Z",
      "created_by": 1,
      "modified_by": 1,
      "is_active": true,
      "employee_id": 75,
      "leave_type_id": 2,
      "available_days": 1.0,
      "carryforward_days": 0.0,
      "total_leave_days": 1.0,
      "assigned_date": "2025-07-22",
      "reset_date": "2025-07-01",
      "expired_date": null
    }
  },
  {
    "model": "leave.availableleave",
    "pk": 67,
    "fields": {
      "created_at": "2025-07-22T10:35:10.339Z",
      "created_by": 1,
      "modified_by": 1,
      "is_active": true,
      "employee_id": 14,
      "leave_type_id": 3,
      "available_days": 10.0,
      "carryforward_days": 0.0,
      "total_leave_days": 10.0,
      "assigned_date": "2025-07-22",
      "reset_date": "2025-07-01",
      "expired_date": null
    }
  },
  {
    "model": "leave.availableleave",
    "pk": 68,
    "fields": {
      "created_at": "2025-07-22T10:35:10.396Z",
      "created_by": 1,
      "modified_by": 1,
      "is_active": true,
      "employee_id": 14,
      "leave_type_id": 2,
      "available_days": 1.0,
      "carryforward_days": 0.0,
      "total_leave_days": 1.0,
      "assigned_date": "2025-07-22",
      "reset_date": "2025-07-01",
      "expired_date": null
    }
  },
  {
    "model": "leave.availableleave",
    "pk": 69,
    "fields": {
      "created_at": "2025-07-22T10:35:10.461Z",
      "created_by": 1,
      "modified_by": 1,
      "is_active": true,
      "employee_id": 43,
      "leave_type_id": 3,
      "available_days": 10.0,
      "carryforward_days": 0.0,
      "total_leave_days": 10.0,
      "assigned_date": "2025-07-22",
      "reset_date": "2025-07-01",
      "expired_date": null
    }
  },
  {
    "model": "leave.availableleave",
    "pk": 70,
    "fields": {
      "created_at": "2025-07-22T10:35:10.530Z",
      "created_by": 1,
      "modified_by": 1,
      "is_active": true,
      "employee_id": 43,
      "leave_type_id": 2,
      "available_days": 1.0,
      "carryforward_days": 0.0,
      "total_leave_days": 1.0,
      "assigned_date": "2025-07-22",
      "reset_date": "2025-07-01",
      "expired_date": null
    }
  },
  {
    "model": "leave.availableleave",
    "pk": 71,
    "fields": {
      "created_at": "2025-07-22T10:35:10.594Z",
      "created_by": 1,
      "modified_by": 1,
      "is_active": true,
      "employee_id": 15,
      "leave_type_id": 3,
      "available_days": 10.0,
      "carryforward_days": 0.0,
      "total_leave_days": 10.0,
      "assigned_date": "2025-07-22",
      "reset_date": "2025-07-01",
      "expired_date": null
    }
  },
  {
    "model": "leave.availableleave",
    "pk": 72,
    "fields": {
      "created_at": "2025-07-22T10:35:10.670Z",
      "created_by": 1,
      "modified_by": 1,
      "is_active": true,
      "employee_id": 15,
      "leave_type_id": 2,
      "available_days": 1.0,
      "carryforward_days": 0.0,
      "total_leave_days": 1.0,
      "assigned_date": "2025-07-22",
      "reset_date": "2025-07-01",
      "expired_date": null
    }
  },
  {
    "model": "leave.availableleave",
    "pk": 73,
    "fields": {
      "created_at": "2025-07-22T10:35:10.737Z",
      "created_by": 1,
      "modified_by": 1,
      "is_active": true,
      "employee_id": 70,
      "leave_type_id": 3,
      "available_days": 10.0,
      "carryforward_days": 0.0,
      "total_leave_days": 10.0,
      "assigned_date": "2025-07-22",
      "reset_date": "2025-07-01",
      "expired_date": null
    }
  },
  {
    "model": "leave.availableleave",
    "pk": 74,
    "fields": {
      "created_at": "2025-07-22T10:35:10.794Z",
      "created_by": 1,
      "modified_by": 1,
      "is_active": true,
      "employee_id": 70,
      "leave_type_id": 2,
      "available_days": 1.0,
      "carryforward_days": 0.0,
      "total_leave_days": 1.0,
      "assigned_date": "2025-07-22",
      "reset_date": "2025-07-01",
      "expired_date": null
    }
  },
  {
    "model": "leave.availableleave",
    "pk": 75,
    "fields": {
      "created_at": "2025-07-22T10:35:10.865Z",
      "created_by": 1,
      "modified_by": 1,
      "is_active": true,
      "employee_id": 5,
      "leave_type_id": 3,
      "available_days": 10.0,
      "carryforward_days": 0.0,
      "total_leave_days": 10.0,
      "assigned_date": "2025-07-22",
      "reset_date": "2025-07-01",
      "expired_date": null
    }
  },
  {
    "model": "leave.availableleave",
    "pk": 76,
    "fields": {
      "created_at": "2025-07-22T10:35:10.940Z",
      "created_by": 1,
      "modified_by": 1,
      "is_active": true,
      "employee_id": 5,
      "leave_type_id": 2,
      "available_days": 1.0,
      "carryforward_days": 0.0,
      "total_leave_days": 1.0,
      "assigned_date": "2025-07-22",
      "reset_date": "2025-07-01",
      "expired_date": null
    }
  },
  {
    "model": "leave.availableleave",
    "pk": 77,
    "fields": {
      "created_at": "2025-07-22T10:35:11.029Z",
      "created_by": 1,
      "modified_by": 1,
      "is_active": true,
      "employee_id": 66,
      "leave_type_id": 3,
      "available_days": 10.0,
      "carryforward_days": 0.0,
      "total_leave_days": 10.0,
      "assigned_date": "2025-07-22",
      "reset_date": "2025-07-01",
      "expired_date": null
    }
  },
  {
    "model": "leave.availableleave",
    "pk": 78,
    "fields": {
      "created_at": "2025-07-22T10:35:11.111Z",
      "created_by": 1,
      "modified_by": 1,
      "is_active": true,
      "employee_id": 66,
      "leave_type_id": 2,
      "available_days": 1.0,
      "carryforward_days": 0.0,
      "total_leave_days": 1.0,
      "assigned_date": "2025-07-22",
      "reset_date": "2025-07-01",
      "expired_date": null
    }
  },
  {
    "model": "leave.availableleave",
    "pk": 79,
    "fields": {
      "created_at": "2025-07-22T10:35:11.178Z",
      "created_by": 1,
      "modified_by": 1,
      "is_active": true,
      "employee_id": 60,
      "leave_type_id": 3,
      "available_days": 10.0,
      "carryforward_days": 0.0,
      "total_leave_days": 10.0,
      "assigned_date": "2025-07-22",
      "reset_date": "2025-07-01",
      "expired_date": null
    }
  },
  {
    "model": "leave.availableleave",
    "pk": 80,
    "fields": {
      "created_at": "2025-07-22T10:35:11.258Z",
      "created_by": 1,
      "modified_by": 1,
      "is_active": true,
      "employee_id": 60,
      "leave_type_id": 2,
      "available_days": 1.0,
      "carryforward_days": 0.0,
      "total_leave_days": 1.0,
      "assigned_date": "2025-07-22",
      "reset_date": "2025-07-01",
      "expired_date": null
    }
  },
  {
    "model": "leave.availableleave",
    "pk": 81,
    "fields": {
      "created_at": "2025-07-22T10:35:11.315Z",
      "created_by": 1,
      "modified_by": 1,
      "is_active": true,
      "employee_id": 52,
      "leave_type_id": 3,
      "available_days": 10.0,
      "carryforward_days": 0.0,
      "total_leave_days": 10.0,
      "assigned_date": "2025-07-22",
      "reset_date": "2025-07-01",
      "expired_date": null
    }
  },
  {
    "model": "leave.availableleave",
    "pk": 82,
    "fields": {
      "created_at": "2025-07-22T10:35:11.382Z",
      "created_by": 1,
      "modified_by": 1,
      "is_active": true,
      "employee_id": 52,
      "leave_type_id": 2,
      "available_days": 1.0,
      "carryforward_days": 0.0,
      "total_leave_days": 1.0,
      "assigned_date": "2025-07-22",
      "reset_date": "2025-07-01",
      "expired_date": null
    }
  },
  {
    "model": "leave.availableleave",
    "pk": 83,
    "fields": {
      "created_at": "2025-07-22T10:35:11.434Z",
      "created_by": 1,
      "modified_by": 1,
      "is_active": true,
      "employee_id": 65,
      "leave_type_id": 3,
      "available_days": 10.0,
      "carryforward_days": 0.0,
      "total_leave_days": 10.0,
      "assigned_date": "2025-07-22",
      "reset_date": "2025-07-01",
      "expired_date": null
    }
  },
  {
    "model": "leave.availableleave",
    "pk": 84,
    "fields": {
      "created_at": "2025-07-22T10:35:11.496Z",
      "created_by": 1,
      "modified_by": 1,
      "is_active": true,
      "employee_id": 65,
      "leave_type_id": 2,
      "available_days": 1.0,
      "carryforward_days": 0.0,
      "total_leave_days": 1.0,
      "assigned_date": "2025-07-22",
      "reset_date": "2025-07-01",
      "expired_date": null
    }
  },
  {
    "model": "leave.availableleave",
    "pk": 85,
    "fields": {
      "created_at": "2025-07-22T10:35:11.566Z",
      "created_by": 1,
      "modified_by": 1,
      "is_active": true,
      "employee_id": 45,
      "leave_type_id": 3,
      "available_days": 10.0,
      "carryforward_days": 0.0,
      "total_leave_days": 10.0,
      "assigned_date": "2025-07-22",
      "reset_date": "2025-07-01",
      "expired_date": null
    }
  },
  {
    "model": "leave.availableleave",
    "pk": 86,
    "fields": {
      "created_at": "2025-07-22T10:35:11.640Z",
      "created_by": 1,
      "modified_by": 1,
      "is_active": true,
      "employee_id": 45,
      "leave_type_id": 2,
      "available_days": 1.0,
      "carryforward_days": 0.0,
      "total_leave_days": 1.0,
      "assigned_date": "2025-07-22",
      "reset_date": "2025-07-01",
      "expired_date": null
    }
  },
  {
    "model": "leave.availableleave",
    "pk": 87,
    "fields": {
      "created_at": "2025-07-22T10:35:11.697Z",
      "created_by": 1,
      "modified_by": 1,
      "is_active": true,
      "employee_id": 20,
      "leave_type_id": 3,
      "available_days": 10.0,
      "carryforward_days": 0.0,
      "total_leave_days": 10.0,
      "assigned_date": "2025-07-22",
      "reset_date": "2025-07-01",
      "expired_date": null
    }
  },
  {
    "model": "leave.availableleave",
    "pk": 88,
    "fields": {
      "created_at": "2025-07-22T10:35:11.774Z",
      "created_by": 1,
      "modified_by": 1,
      "is_active": true,
      "employee_id": 20,
      "leave_type_id": 2,
      "available_days": 1.0,
      "carryforward_days": 0.0,
      "total_leave_days": 1.0,
      "assigned_date": "2025-07-22",
      "reset_date": "2025-07-01",
      "expired_date": null
    }
  },
  {
    "model": "leave.availableleave",
    "pk": 89,
    "fields": {
      "created_at": "2025-07-22T10:35:11.838Z",
      "created_by": 1,
      "modified_by": 1,
      "is_active": true,
      "employee_id": 25,
      "leave_type_id": 3,
      "available_days": 10.0,
      "carryforward_days": 0.0,
      "total_leave_days": 10.0,
      "assigned_date": "2025-07-22",
      "reset_date": "2025-07-01",
      "expired_date": null
    }
  },
  {
    "model": "leave.availableleave",
    "pk": 90,
    "fields": {
      "created_at": "2025-07-22T10:35:11.961Z",
      "created_by": 1,
      "modified_by": 1,
      "is_active": true,
      "employee_id": 25,
      "leave_type_id": 2,
      "available_days": 1.0,
      "carryforward_days": 0.0,
      "total_leave_days": 1.0,
      "assigned_date": "2025-07-22",
      "reset_date": "2025-07-01",
      "expired_date": null
    }
  },
  {
    "model": "leave.availableleave",
    "pk": 91,
    "fields": {
      "created_at": "2025-07-22T10:35:12.038Z",
      "created_by": 1,
      "modified_by": 1,
      "is_active": true,
      "employee_id": 21,
      "leave_type_id": 3,
      "available_days": 10.0,
      "carryforward_days": 0.0,
      "total_leave_days": 10.0,
      "assigned_date": "2025-07-22",
      "reset_date": "2025-07-01",
      "expired_date": null
    }
  },
  {
    "model": "leave.availableleave",
    "pk": 92,
    "fields": {
      "created_at": "2025-07-22T10:35:12.111Z",
      "created_by": 1,
      "modified_by": 1,
      "is_active": true,
      "employee_id": 21,
      "leave_type_id": 2,
      "available_days": 1.0,
      "carryforward_days": 0.0,
      "total_leave_days": 1.0,
      "assigned_date": "2025-07-22",
      "reset_date": "2025-07-01",
      "expired_date": null
    }
  },
  {
    "model": "leave.availableleave",
    "pk": 93,
    "fields": {
      "created_at": "2025-07-22T10:35:12.182Z",
      "created_by": 1,
      "modified_by": 1,
      "is_active": true,
      "employee_id": 59,
      "leave_type_id": 3,
      "available_days": 10.0,
      "carryforward_days": 0.0,
      "total_leave_days": 10.0,
      "assigned_date": "2025-07-22",
      "reset_date": "2025-07-01",
      "expired_date": null
    }
  },
  {
    "model": "leave.availableleave",
    "pk": 94,
    "fields": {
      "created_at": "2025-07-22T10:35:12.241Z",
      "created_by": 1,
      "modified_by": 1,
      "is_active": true,
      "employee_id": 59,
      "leave_type_id": 2,
      "available_days": 1.0,
      "carryforward_days": 0.0,
      "total_leave_days": 1.0,
      "assigned_date": "2025-07-22",
      "reset_date": "2025-07-01",
      "expired_date": null
    }
  },
  {
    "model": "leave.availableleave",
    "pk": 95,
    "fields": {
      "created_at": "2025-07-22T10:35:12.312Z",
      "created_by": 1,
      "modified_by": 1,
      "is_active": true,
      "employee_id": 32,
      "leave_type_id": 3,
      "available_days": 10.0,
      "carryforward_days": 0.0,
      "total_leave_days": 10.0,
      "assigned_date": "2025-07-22",
      "reset_date": "2025-07-01",
      "expired_date": null
    }
  },
  {
    "model": "leave.availableleave",
    "pk": 96,
    "fields": {
      "created_at": "2025-07-22T10:35:12.371Z",
      "created_by": 1,
      "modified_by": 1,
      "is_active": true,
      "employee_id": 32,
      "leave_type_id": 2,
      "available_days": 1.0,
      "carryforward_days": 0.0,
      "total_leave_days": 1.0,
      "assigned_date": "2025-07-22",
      "reset_date": "2025-07-01",
      "expired_date": null
    }
  },
  {
    "model": "leave.availableleave",
    "pk": 97,
    "fields": {
      "created_at": "2025-07-22T10:35:12.430Z",
      "created_by": 1,
      "modified_by": 1,
      "is_active": true,
      "employee_id": 23,
      "leave_type_id": 3,
      "available_days": 10.0,
      "carryforward_days": 0.0,
      "total_leave_days": 10.0,
      "assigned_date": "2025-07-22",
      "reset_date": "2025-07-01",
      "expired_date": null
    }
  },
  {
    "model": "leave.availableleave",
    "pk": 98,
    "fields": {
      "created_at": "2025-07-22T10:35:12.496Z",
      "created_by": 1,
      "modified_by": 1,
      "is_active": true,
      "employee_id": 23,
      "leave_type_id": 2,
      "available_days": 1.0,
      "carryforward_days": 0.0,
      "total_leave_days": 1.0,
      "assigned_date": "2025-07-22",
      "reset_date": "2025-07-01",
      "expired_date": null
    }
  },
  {
    "model": "leave.availableleave",
    "pk": 99,
    "fields": {
      "created_at": "2025-07-22T10:35:12.566Z",
      "created_by": 1,
      "modified_by": 1,
      "is_active": true,
      "employee_id": 6,
      "leave_type_id": 3,
      "available_days": 10.0,
      "carryforward_days": 0.0,
      "total_leave_days": 10.0,
      "assigned_date": "2025-07-22",
      "reset_date": "2025-07-01",
      "expired_date": null
    }
  },
  {
    "model": "leave.availableleave",
    "pk": 100,
    "fields": {
      "created_at": "2025-07-22T10:35:12.631Z",
      "created_by": 1,
      "modified_by": 1,
      "is_active": true,
      "employee_id": 6,
      "leave_type_id": 2,
      "available_days": 1.0,
      "carryforward_days": 0.0,
      "total_leave_days": 1.0,
      "assigned_date": "2025-07-22",
      "reset_date": "2025-07-01",
      "expired_date": null
    }
  },
  {
    "model": "leave.availableleave",
    "pk": 101,
    "fields": {
      "created_at": "2025-07-22T10:35:12.694Z",
      "created_by": 1,
      "modified_by": 1,
      "is_active": true,
      "employee_id": 10,
      "leave_type_id": 3,
      "available_days": 10.0,
      "carryforward_days": 0.0,
      "total_leave_days": 10.0,
      "assigned_date": "2025-07-22",
      "reset_date": "2025-07-01",
      "expired_date": null
    }
  },
  {
    "model": "leave.availableleave",
    "pk": 102,
    "fields": {
      "created_at": "2025-07-22T10:35:12.749Z",
      "created_by": 1,
      "modified_by": 1,
      "is_active": true,
      "employee_id": 10,
      "leave_type_id": 2,
      "available_days": 1.0,
      "carryforward_days": 0.0,
      "total_leave_days": 1.0,
      "assigned_date": "2025-07-22",
      "reset_date": "2025-07-01",
      "expired_date": null
    }
  },
  {
    "model": "leave.availableleave",
    "pk": 103,
    "fields": {
      "created_at": "2025-07-22T10:35:12.822Z",
      "created_by": 1,
      "modified_by": 1,
      "is_active": true,
      "employee_id": 2,
      "leave_type_id": 3,
      "available_days": 10.0,
      "carryforward_days": 0.0,
      "total_leave_days": 10.0,
      "assigned_date": "2025-07-22",
      "reset_date": "2025-07-01",
      "expired_date": null
    }
  },
  {
    "model": "leave.availableleave",
    "pk": 104,
    "fields": {
      "created_at": "2025-07-22T10:35:12.902Z",
      "created_by": 1,
      "modified_by": 1,
      "is_active": true,
      "employee_id": 2,
      "leave_type_id": 2,
      "available_days": 1.0,
      "carryforward_days": 0.0,
      "total_leave_days": 1.0,
      "assigned_date": "2025-07-22",
      "reset_date": "2025-07-01",
      "expired_date": null
    }
  },
  {
    "model": "leave.availableleave",
    "pk": 105,
    "fields": {
      "created_at": "2025-07-22T10:35:12.961Z",
      "created_by": 1,
      "modified_by": 1,
      "is_active": true,
      "employee_id": 38,
      "leave_type_id": 3,
      "available_days": 10.0,
      "carryforward_days": 0.0,
      "total_leave_days": 10.0,
      "assigned_date": "2025-07-22",
      "reset_date": "2025-07-01",
      "expired_date": null
    }
  },
  {
    "model": "leave.availableleave",
    "pk": 106,
    "fields": {
      "created_at": "2025-07-22T10:35:13.028Z",
      "created_by": 1,
      "modified_by": 1,
      "is_active": true,
      "employee_id": 38,
      "leave_type_id": 2,
      "available_days": 1.0,
      "carryforward_days": 0.0,
      "total_leave_days": 1.0,
      "assigned_date": "2025-07-22",
      "reset_date": "2025-07-01",
      "expired_date": null
    }
  },
  {
    "model": "leave.availableleave",
    "pk": 107,
    "fields": {
      "created_at": "2025-07-22T10:35:13.099Z",
      "created_by": 1,
      "modified_by": 1,
      "is_active": true,
      "employee_id": 50,
      "leave_type_id": 3,
      "available_days": 10.0,
      "carryforward_days": 0.0,
      "total_leave_days": 10.0,
      "assigned_date": "2025-07-22",
      "reset_date": "2025-07-01",
      "expired_date": null
    }
  },
  {
    "model": "leave.availableleave",
    "pk": 108,
    "fields": {
      "created_at": "2025-07-22T10:35:13.161Z",
      "created_by": 1,
      "modified_by": 1,
      "is_active": true,
      "employee_id": 50,
      "leave_type_id": 2,
      "available_days": 1.0,
      "carryforward_days": 0.0,
      "total_leave_days": 1.0,
      "assigned_date": "2025-07-22",
      "reset_date": "2025-07-01",
      "expired_date": null
    }
  },
  {
    "model": "leave.availableleave",
    "pk": 109,
    "fields": {
      "created_at": "2025-07-22T10:35:13.244Z",
      "created_by": 1,
      "modified_by": 1,
      "is_active": true,
      "employee_id": 64,
      "leave_type_id": 3,
      "available_days": 10.0,
      "carryforward_days": 0.0,
      "total_leave_days": 10.0,
      "assigned_date": "2025-07-22",
      "reset_date": "2025-07-01",
      "expired_date": null
    }
  },
  {
    "model": "leave.availableleave",
    "pk": 110,
    "fields": {
      "created_at": "2025-07-22T10:35:13.297Z",
      "created_by": 1,
      "modified_by": 1,
      "is_active": true,
      "employee_id": 64,
      "leave_type_id": 2,
      "available_days": 1.0,
      "carryforward_days": 0.0,
      "total_leave_days": 1.0,
      "assigned_date": "2025-07-22",
      "reset_date": "2025-07-01",
      "expired_date": null
    }
  },
  {
    "model": "leave.availableleave",
    "pk": 111,
    "fields": {
      "created_at": "2025-07-22T10:35:13.364Z",
      "created_by": 1,
      "modified_by": 1,
      "is_active": true,
      "employee_id": 17,
      "leave_type_id": 3,
      "available_days": 10.0,
      "carryforward_days": 0.0,
      "total_leave_days": 10.0,
      "assigned_date": "2025-07-22",
      "reset_date": "2025-07-01",
      "expired_date": null
    }
  },
  {
    "model": "leave.availableleave",
    "pk": 112,
    "fields": {
      "created_at": "2025-07-22T10:35:13.428Z",
      "created_by": 1,
      "modified_by": 1,
      "is_active": true,
      "employee_id": 17,
      "leave_type_id": 2,
      "available_days": 1.0,
      "carryforward_days": 0.0,
      "total_leave_days": 1.0,
      "assigned_date": "2025-07-22",
      "reset_date": "2025-07-01",
      "expired_date": null
    }
  },
  {
    "model": "leave.availableleave",
    "pk": 113,
    "fields": {
      "created_at": "2025-07-22T10:35:13.480Z",
      "created_by": 1,
      "modified_by": 1,
      "is_active": true,
      "employee_id": 42,
      "leave_type_id": 3,
      "available_days": 10.0,
      "carryforward_days": 0.0,
      "total_leave_days": 10.0,
      "assigned_date": "2025-07-22",
      "reset_date": "2025-07-01",
      "expired_date": null
    }
  },
  {
    "model": "leave.availableleave",
    "pk": 114,
    "fields": {
      "created_at": "2025-07-22T10:35:13.547Z",
      "created_by": 1,
      "modified_by": 1,
      "is_active": true,
      "employee_id": 42,
      "leave_type_id": 2,
      "available_days": 1.0,
      "carryforward_days": 0.0,
      "total_leave_days": 1.0,
      "assigned_date": "2025-07-22",
      "reset_date": "2025-07-01",
      "expired_date": null
    }
  },
  {
    "model": "leave.availableleave",
    "pk": 115,
    "fields": {
      "created_at": "2025-07-22T10:35:13.606Z",
      "created_by": 1,
      "modified_by": 1,
      "is_active": true,
      "employee_id": 72,
      "leave_type_id": 3,
      "available_days": 10.0,
      "carryforward_days": 0.0,
      "total_leave_days": 10.0,
      "assigned_date": "2025-07-22",
      "reset_date": "2025-07-01",
      "expired_date": null
    }
  },
  {
    "model": "leave.availableleave",
    "pk": 116,
    "fields": {
      "created_at": "2025-07-22T10:35:13.663Z",
      "created_by": 1,
      "modified_by": 1,
      "is_active": true,
      "employee_id": 72,
      "leave_type_id": 2,
      "available_days": 1.0,
      "carryforward_days": 0.0,
      "total_leave_days": 1.0,
      "assigned_date": "2025-07-22",
      "reset_date": "2025-07-01",
      "expired_date": null
    }
  },
  {
    "model": "leave.availableleave",
    "pk": 117,
    "fields": {
      "created_at": "2025-07-22T10:35:13.727Z",
      "created_by": 1,
      "modified_by": 1,
      "is_active": true,
      "employee_id": 31,
      "leave_type_id": 3,
      "available_days": 10.0,
      "carryforward_days": 0.0,
      "total_leave_days": 10.0,
      "assigned_date": "2025-07-22",
      "reset_date": "2025-07-01",
      "expired_date": null
    }
  },
  {
    "model": "leave.availableleave",
    "pk": 118,
    "fields": {
      "created_at": "2025-07-22T10:35:13.779Z",
      "created_by": 1,
      "modified_by": 1,
      "is_active": true,
      "employee_id": 31,
      "leave_type_id": 2,
      "available_days": 1.0,
      "carryforward_days": 0.0,
      "total_leave_days": 1.0,
      "assigned_date": "2025-07-22",
      "reset_date": "2025-07-01",
      "expired_date": null
    }
  },
  {
    "model": "leave.availableleave",
    "pk": 119,
    "fields": {
      "created_at": "2025-07-22T10:35:13.837Z",
      "created_by": 1,
      "modified_by": 1,
      "is_active": true,
      "employee_id": 46,
      "leave_type_id": 3,
      "available_days": 10.0,
      "carryforward_days": 0.0,
      "total_leave_days": 10.0,
      "assigned_date": "2025-07-22",
      "reset_date": "2025-07-01",
      "expired_date": null
    }
  },
  {
    "model": "leave.availableleave",
    "pk": 120,
    "fields": {
      "created_at": "2025-07-22T10:35:13.897Z",
      "created_by": 1,
      "modified_by": 1,
      "is_active": true,
      "employee_id": 46,
      "leave_type_id": 2,
      "available_days": 1.0,
      "carryforward_days": 0.0,
      "total_leave_days": 1.0,
      "assigned_date": "2025-07-22",
      "reset_date": "2025-07-01",
      "expired_date": null
    }
  },
  {
    "model": "leave.availableleave",
    "pk": 121,
    "fields": {
      "created_at": "2025-07-22T10:35:13.974Z",
      "created_by": 1,
      "modified_by": 1,
      "is_active": true,
      "employee_id": 74,
      "leave_type_id": 3,
      "available_days": 10.0,
      "carryforward_days": 0.0,
      "total_leave_days": 10.0,
      "assigned_date": "2025-07-22",
      "reset_date": "2025-07-01",
      "expired_date": null
    }
  },
  {
    "model": "leave.availableleave",
    "pk": 122,
    "fields": {
      "created_at": "2025-07-22T10:35:14.031Z",
      "created_by": 1,
      "modified_by": 1,
      "is_active": true,
      "employee_id": 74,
      "leave_type_id": 2,
      "available_days": 1.0,
      "carryforward_days": 0.0,
      "total_leave_days": 1.0,
      "assigned_date": "2025-07-22",
      "reset_date": "2025-07-01",
      "expired_date": null
    }
  },
  {
    "model": "leave.availableleave",
    "pk": 123,
    "fields": {
      "created_at": "2025-07-22T10:35:14.099Z",
      "created_by": 1,
      "modified_by": 1,
      "is_active": true,
      "employee_id": 57,
      "leave_type_id": 3,
      "available_days": 10.0,
      "carryforward_days": 0.0,
      "total_leave_days": 10.0,
      "assigned_date": "2025-07-22",
      "reset_date": "2025-07-01",
      "expired_date": null
    }
  },
  {
    "model": "leave.availableleave",
    "pk": 124,
    "fields": {
      "created_at": "2025-07-22T10:35:14.163Z",
      "created_by": 1,
      "modified_by": 1,
      "is_active": true,
      "employee_id": 57,
      "leave_type_id": 2,
      "available_days": 1.0,
      "carryforward_days": 0.0,
      "total_leave_days": 1.0,
      "assigned_date": "2025-07-22",
      "reset_date": "2025-07-01",
      "expired_date": null
    }
  },
  {
    "model": "leave.availableleave",
    "pk": 125,
    "fields": {
      "created_at": "2025-07-22T10:35:14.246Z",
      "created_by": 1,
      "modified_by": 1,
      "is_active": true,
      "employee_id": 54,
      "leave_type_id": 3,
      "available_days": 10.0,
      "carryforward_days": 0.0,
      "total_leave_days": 10.0,
      "assigned_date": "2025-07-22",
      "reset_date": "2025-07-01",
      "expired_date": null
    }
  },
  {
    "model": "leave.availableleave",
    "pk": 126,
    "fields": {
      "created_at": "2025-07-22T10:35:14.312Z",
      "created_by": 1,
      "modified_by": 1,
      "is_active": true,
      "employee_id": 54,
      "leave_type_id": 2,
      "available_days": 1.0,
      "carryforward_days": 0.0,
      "total_leave_days": 1.0,
      "assigned_date": "2025-07-22",
      "reset_date": "2025-07-01",
      "expired_date": null
    }
  },
  {
    "model": "leave.availableleave",
    "pk": 127,
    "fields": {
      "created_at": "2025-07-22T10:35:14.378Z",
      "created_by": 1,
      "modified_by": 1,
      "is_active": true,
      "employee_id": 61,
      "leave_type_id": 3,
      "available_days": 10.0,
      "carryforward_days": 0.0,
      "total_leave_days": 10.0,
      "assigned_date": "2025-07-22",
      "reset_date": "2025-07-01",
      "expired_date": null
    }
  },
  {
    "model": "leave.availableleave",
    "pk": 128,
    "fields": {
      "created_at": "2025-07-22T10:35:14.428Z",
      "created_by": 1,
      "modified_by": 1,
      "is_active": true,
      "employee_id": 61,
      "leave_type_id": 2,
      "available_days": 1.0,
      "carryforward_days": 0.0,
      "total_leave_days": 1.0,
      "assigned_date": "2025-07-22",
      "reset_date": "2025-07-01",
      "expired_date": null
    }
  },
  {
    "model": "leave.availableleave",
    "pk": 129,
    "fields": {
      "created_at": "2025-07-22T10:35:14.493Z",
      "created_by": 1,
      "modified_by": 1,
      "is_active": true,
      "employee_id": 19,
      "leave_type_id": 3,
      "available_days": 10.0,
      "carryforward_days": 0.0,
      "total_leave_days": 10.0,
      "assigned_date": "2025-07-22",
      "reset_date": "2025-07-01",
      "expired_date": null
    }
  },
  {
    "model": "leave.availableleave",
    "pk": 130,
    "fields": {
      "created_at": "2025-07-22T10:35:14.547Z",
      "created_by": 1,
      "modified_by": 1,
      "is_active": true,
      "employee_id": 19,
      "leave_type_id": 2,
      "available_days": 1.0,
      "carryforward_days": 0.0,
      "total_leave_days": 1.0,
      "assigned_date": "2025-07-22",
      "reset_date": "2025-07-01",
      "expired_date": null
    }
  },
  {
    "model": "leave.availableleave",
    "pk": 131,
    "fields": {
      "created_at": "2025-07-22T10:35:14.594Z",
      "created_by": 1,
      "modified_by": 1,
      "is_active": true,
      "employee_id": 3,
      "leave_type_id": 3,
      "available_days": 10.0,
      "carryforward_days": 0.0,
      "total_leave_days": 10.0,
      "assigned_date": "2025-07-22",
      "reset_date": "2025-07-01",
      "expired_date": null
    }
  },
  {
    "model": "leave.availableleave",
    "pk": 132,
    "fields": {
      "created_at": "2025-07-22T10:35:14.646Z",
      "created_by": 1,
      "modified_by": 1,
      "is_active": true,
      "employee_id": 3,
      "leave_type_id": 2,
      "available_days": 1.0,
      "carryforward_days": 0.0,
      "total_leave_days": 1.0,
      "assigned_date": "2025-07-22",
      "reset_date": "2025-07-01",
      "expired_date": null
    }
  },
  {
    "model": "leave.availableleave",
    "pk": 133,
    "fields": {
      "created_at": "2025-07-22T10:35:14.696Z",
      "created_by": 1,
      "modified_by": 1,
      "is_active": true,
      "employee_id": 34,
      "leave_type_id": 3,
      "available_days": 10.0,
      "carryforward_days": 0.0,
      "total_leave_days": 10.0,
      "assigned_date": "2025-07-22",
      "reset_date": "2025-07-01",
      "expired_date": null
    }
  },
  {
    "model": "leave.availableleave",
    "pk": 134,
    "fields": {
      "created_at": "2025-07-22T10:35:14.744Z",
      "created_by": 1,
      "modified_by": 1,
      "is_active": true,
      "employee_id": 34,
      "leave_type_id": 2,
      "available_days": 1.0,
      "carryforward_days": 0.0,
      "total_leave_days": 1.0,
      "assigned_date": "2025-07-22",
      "reset_date": "2025-07-01",
      "expired_date": null
    }
  },
  {
    "model": "leave.availableleave",
    "pk": 135,
    "fields": {
      "created_at": "2025-07-22T10:35:14.794Z",
      "created_by": 1,
      "modified_by": 1,
      "is_active": true,
      "employee_id": 35,
      "leave_type_id": 3,
      "available_days": 10.0,
      "carryforward_days": 0.0,
      "total_leave_days": 10.0,
      "assigned_date": "2025-07-22",
      "reset_date": "2025-07-01",
      "expired_date": null
    }
  },
  {
    "model": "leave.availableleave",
    "pk": 136,
    "fields": {
      "created_at": "2025-07-22T10:35:14.846Z",
      "created_by": 1,
      "modified_by": 1,
      "is_active": true,
      "employee_id": 35,
      "leave_type_id": 2,
      "available_days": 1.0,
      "carryforward_days": 0.0,
      "total_leave_days": 1.0,
      "assigned_date": "2025-07-22",
      "reset_date": "2025-07-01",
      "expired_date": null
    }
  },
  {
    "model": "leave.availableleave",
    "pk": 137,
    "fields": {
      "created_at": "2025-07-22T10:35:14.896Z",
      "created_by": 1,
      "modified_by": 1,
      "is_active": true,
      "employee_id": 69,
      "leave_type_id": 3,
      "available_days": 10.0,
      "carryforward_days": 0.0,
      "total_leave_days": 10.0,
      "assigned_date": "2025-07-22",
      "reset_date": "2025-07-01",
      "expired_date": null
    }
  },
  {
    "model": "leave.availableleave",
    "pk": 138,
    "fields": {
      "created_at": "2025-07-22T10:35:14.944Z",
      "created_by": 1,
      "modified_by": 1,
      "is_active": true,
      "employee_id": 69,
      "leave_type_id": 2,
      "available_days": 1.0,
      "carryforward_days": 0.0,
      "total_leave_days": 1.0,
      "assigned_date": "2025-07-22",
      "reset_date": "2025-07-01",
      "expired_date": null
    }
  },
  {
    "model": "leave.availableleave",
    "pk": 139,
    "fields": {
      "created_at": "2025-07-22T10:35:15.011Z",
      "created_by": 1,
      "modified_by": 1,
      "is_active": true,
      "employee_id": 73,
      "leave_type_id": 3,
      "available_days": 10.0,
      "carryforward_days": 0.0,
      "total_leave_days": 10.0,
      "assigned_date": "2025-07-22",
      "reset_date": "2025-07-01",
      "expired_date": null
    }
  },
  {
    "model": "leave.availableleave",
    "pk": 140,
    "fields": {
      "created_at": "2025-07-22T10:35:15.061Z",
      "created_by": 1,
      "modified_by": 1,
      "is_active": true,
      "employee_id": 73,
      "leave_type_id": 2,
      "available_days": 1.0,
      "carryforward_days": 0.0,
      "total_leave_days": 1.0,
      "assigned_date": "2025-07-22",
      "reset_date": "2025-07-01",
      "expired_date": null
    }
  },
  {
    "model": "leave.availableleave",
    "pk": 141,
    "fields": {
      "created_at": "2025-07-22T10:35:15.113Z",
      "created_by": 1,
      "modified_by": 1,
      "is_active": true,
      "employee_id": 53,
      "leave_type_id": 3,
      "available_days": 10.0,
      "carryforward_days": 0.0,
      "total_leave_days": 10.0,
      "assigned_date": "2025-07-22",
      "reset_date": "2025-07-01",
      "expired_date": null
    }
  },
  {
    "model": "leave.availableleave",
    "pk": 142,
    "fields": {
      "created_at": "2025-07-22T10:35:15.162Z",
      "created_by": 1,
      "modified_by": 1,
      "is_active": true,
      "employee_id": 53,
      "leave_type_id": 2,
      "available_days": 1.0,
      "carryforward_days": 0.0,
      "total_leave_days": 1.0,
      "assigned_date": "2025-07-22",
      "reset_date": "2025-07-01",
      "expired_date": null
    }
  },
  {
    "model": "leave.availableleave",
    "pk": 143,
    "fields": {
      "created_at": "2025-07-22T10:35:15.212Z",
      "created_by": 1,
      "modified_by": 1,
      "is_active": true,
      "employee_id": 48,
      "leave_type_id": 3,
      "available_days": 10.0,
      "carryforward_days": 0.0,
      "total_leave_days": 10.0,
      "assigned_date": "2025-07-22",
      "reset_date": "2025-07-01",
      "expired_date": null
    }
  },
  {
    "model": "leave.availableleave",
    "pk": 144,
    "fields": {
      "created_at": "2025-07-22T10:35:15.278Z",
      "created_by": 1,
      "modified_by": 1,
      "is_active": true,
      "employee_id": 48,
      "leave_type_id": 2,
      "available_days": 1.0,
      "carryforward_days": 0.0,
      "total_leave_days": 1.0,
      "assigned_date": "2025-07-22",
      "reset_date": "2025-07-01",
      "expired_date": null
    }
  },
  {
    "model": "leave.availableleave",
    "pk": 145,
    "fields": {
      "created_at": "2025-07-22T10:35:15.338Z",
      "created_by": 1,
      "modified_by": 1,
      "is_active": true,
      "employee_id": 67,
      "leave_type_id": 3,
      "available_days": 10.0,
      "carryforward_days": 0.0,
      "total_leave_days": 10.0,
      "assigned_date": "2025-07-22",
      "reset_date": "2025-07-01",
      "expired_date": null
    }
  },
  {
    "model": "leave.availableleave",
    "pk": 146,
    "fields": {
      "created_at": "2025-07-22T10:35:15.388Z",
      "created_by": 1,
      "modified_by": 1,
      "is_active": true,
      "employee_id": 67,
      "leave_type_id": 2,
      "available_days": 1.0,
      "carryforward_days": 0.0,
      "total_leave_days": 1.0,
      "assigned_date": "2025-07-22",
      "reset_date": "2025-07-01",
      "expired_date": null
    }
  },
  {
    "model": "leave.availableleave",
    "pk": 147,
    "fields": {
      "created_at": "2025-07-22T10:35:15.444Z",
      "created_by": 1,
      "modified_by": 1,
      "is_active": true,
      "employee_id": 29,
      "leave_type_id": 3,
      "available_days": 10.0,
      "carryforward_days": 0.0,
      "total_leave_days": 10.0,
      "assigned_date": "2025-07-22",
      "reset_date": "2025-07-01",
      "expired_date": null
    }
  },
  {
    "model": "leave.availableleave",
    "pk": 148,
    "fields": {
      "created_at": "2025-07-22T10:35:15.504Z",
      "created_by": 1,
      "modified_by": 1,
      "is_active": true,
      "employee_id": 29,
      "leave_type_id": 2,
      "available_days": 1.0,
      "carryforward_days": 0.0,
      "total_leave_days": 1.0,
      "assigned_date": "2025-07-22",
      "reset_date": "2025-07-01",
      "expired_date": null
    }
  },
  {
    "model": "leave.availableleave",
    "pk": 149,
    "fields": {
      "created_at": "2025-07-22T10:35:15.578Z",
      "created_by": 1,
      "modified_by": 1,
      "is_active": true,
      "employee_id": 41,
      "leave_type_id": 3,
      "available_days": 10.0,
      "carryforward_days": 0.0,
      "total_leave_days": 10.0,
      "assigned_date": "2025-07-22",
      "reset_date": "2025-07-01",
      "expired_date": null
    }
  },
  {
    "model": "leave.availableleave",
    "pk": 150,
    "fields": {
      "created_at": "2025-07-22T10:35:15.628Z",
      "created_by": 1,
      "modified_by": 1,
      "is_active": true,
      "employee_id": 41,
      "leave_type_id": 2,
      "available_days": 1.0,
      "carryforward_days": 0.0,
      "total_leave_days": 1.0,
      "assigned_date": "2025-07-22",
      "reset_date": "2025-07-01",
      "expired_date": null
    }
  },
  {
    "model": "leave.availableleave",
    "pk": 151,
    "fields": {
      "created_at": "2025-07-22T10:35:15.685Z",
      "created_by": 1,
      "modified_by": 1,
      "is_active": true,
      "employee_id": 49,
      "leave_type_id": 3,
      "available_days": 10.0,
      "carryforward_days": 0.0,
      "total_leave_days": 10.0,
      "assigned_date": "2025-07-22",
      "reset_date": "2025-07-01",
      "expired_date": null
    }
  },
  {
    "model": "leave.availableleave",
    "pk": 152,
    "fields": {
      "created_at": "2025-07-22T10:35:15.743Z",
      "created_by": 1,
      "modified_by": 1,
      "is_active": true,
      "employee_id": 49,
      "leave_type_id": 2,
      "available_days": 1.0,
      "carryforward_days": 0.0,
      "total_leave_days": 1.0,
      "assigned_date": "2025-07-22",
      "reset_date": "2025-07-01",
      "expired_date": null
    }
  },
  {
    "model": "leave.leaverequest",
    "pk": 1,
    "fields": {
      "created_at": "2025-07-23T12:02:05.620Z",
      "modified_by": 1,
      "is_active": true,
      "employee_id": 13,
      "leave_type_id": 2,
      "start_date": "2025-07-08",
      "start_date_breakdown": "full_day",
      "end_date": "2025-07-08",
      "end_date_breakdown": "full_day",
      "requested_days": 1.0,
      "leave_clashes_count": 0,
      "description": "i have to go to the bank",
      "attachment": "",
      "status": "requested",
      "requested_date": "2025-07-23",
      "approved_available_days": 0.0,
      "approved_carryforward_days": 0.0,
      "reject_reason": "",
      "created_by": 1
    }
  },
  {
    "model": "leave.leaverequest",
    "pk": 2,
    "fields": {
      "created_at": "2025-07-23T12:02:42.988Z",
      "modified_by": 1,
      "is_active": true,
      "employee_id": 68,
      "leave_type_id": 2,
      "start_date": "2025-07-15",
      "start_date_breakdown": "full_day",
      "end_date": "2025-07-15",
      "end_date_breakdown": "full_day",
      "requested_days": 1.0,
      "leave_clashes_count": 0,
      "description": "i need a break",
      "attachment": "",
      "status": "requested",
      "requested_date": "2025-07-23",
      "approved_available_days": 0.0,
      "approved_carryforward_days": 0.0,
      "reject_reason": "",
      "created_by": 1
    }
  },
  {
    "model": "leave.leaverequest",
    "pk": 3,
    "fields": {
      "created_at": "2025-07-23T12:05:12.635Z",
      "modified_by": 1,
      "is_active": true,
      "employee_id": 62,
      "leave_type_id": 3,
      "start_date": "2025-07-10",
      "start_date_breakdown": "full_day",
      "end_date": "2025-07-10",
      "end_date_breakdown": "full_day",
      "requested_days": 1.0,
      "leave_clashes_count": 0,
      "description": "i have a fever",
      "attachment": "leave/leave_attachment/prescription.webp",
      "status": "requested",
      "requested_date": "2025-07-23",
      "approved_available_days": 0.0,
      "approved_carryforward_days": 0.0,
      "reject_reason": "",
      "created_by": 1
    }
  },
  {
    "model": "leave.leaverequest",
    "pk": 4,
    "fields": {
      "created_at": "2025-07-23T12:05:56.346Z",
      "modified_by": 1,
      "is_active": true,
      "employee_id": 36,
      "leave_type_id": 2,
      "start_date": "2025-07-14",
      "start_date_breakdown": "full_day",
      "end_date": "2025-07-14",
      "end_date_breakdown": "full_day",
      "requested_days": 1.0,
      "leave_clashes_count": 0,
      "description": "leave",
      "attachment": "",
      "status": "requested",
      "requested_date": "2025-07-23",
      "approved_available_days": 0.0,
      "approved_carryforward_days": 0.0,
      "reject_reason": "",
      "created_by": 1
    }
  },
  {
    "model": "leave.leaverequest",
    "pk": 5,
    "fields": {
      "created_at": "2025-07-23T12:06:39.604Z",
      "modified_by": 1,
      "is_active": true,
      "employee_id": 65,
      "leave_type_id": 2,
      "start_date": "2025-07-13",
      "start_date_breakdown": "full_day",
      "end_date": "2025-07-13",
      "end_date_breakdown": "full_day",
      "requested_days": 1.0,
      "leave_clashes_count": 0,
      "description": "leave",
      "attachment": "",
      "status": "requested",
      "requested_date": "2025-07-23",
      "approved_available_days": 0.0,
      "approved_carryforward_days": 0.0,
      "reject_reason": "",
      "created_by": 1
    }
  },
  {
    "model": "leave.leaverequest",
    "pk": 6,
    "fields": {
      "created_at": "2025-07-23T12:07:03.890Z",
      "modified_by": 1,
      "is_active": true,
      "employee_id": 39,
      "leave_type_id": 2,
      "start_date": "2025-07-30",
      "start_date_breakdown": "full_day",
      "end_date": "2025-07-30",
      "end_date_breakdown": "full_day",
      "requested_days": 1.0,
      "leave_clashes_count": 0,
      "description": "i need a leave",
      "attachment": "",
      "status": "requested",
      "requested_date": "2025-07-23",
      "approved_available_days": 0.0,
      "approved_carryforward_days": 0.0,
      "reject_reason": "",
      "created_by": 1
    }
  },
  {
    "model": "leave.leaverequest",
    "pk": 7,
    "fields": {
      "created_at": "2025-07-23T12:07:27.352Z",
      "modified_by": 1,
      "is_active": true,
      "employee_id": 13,
      "leave_type_id": 2,
      "start_date": "2025-07-28",
      "start_date_breakdown": "full_day",
      "end_date": "2025-07-28",
      "end_date_breakdown": "full_day",
      "requested_days": 1.0,
      "leave_clashes_count": 0,
      "description": "hello",
      "attachment": "",
      "status": "requested",
      "requested_date": "2025-07-23",
      "approved_available_days": 0.0,
      "approved_carryforward_days": 0.0,
      "reject_reason": "",
      "created_by": 1
    }
  },
  {
    "model": "leave.leaverequest",
    "pk": 8,
    "fields": {
      "created_at": "2025-07-23T12:07:48.842Z",
      "modified_by": 1,
      "is_active": true,
      "employee_id": 63,
      "leave_type_id": 2,
      "start_date": "2025-07-17",
      "start_date_breakdown": "full_day",
      "end_date": "2025-07-17",
      "end_date_breakdown": "full_day",
      "requested_days": 1.0,
      "leave_clashes_count": 0,
      "description": "hello",
      "attachment": "",
      "status": "requested",
      "requested_date": "2025-07-23",
      "approved_available_days": 0.0,
      "approved_carryforward_days": 0.0,
      "reject_reason": "",
      "created_by": 1
    }
  },
  {
    "model": "leave.leaverequest",
    "pk": 9,
    "fields": {
      "created_at": "2025-07-23T12:08:17.706Z",
      "modified_by": 1,
      "is_active": true,
      "employee_id": 61,
      "leave_type_id": 3,
      "start_date": "2025-07-08",
      "start_date_breakdown": "full_day",
      "end_date": "2025-07-08",
      "end_date_breakdown": "full_day",
      "requested_days": 1.0,
      "leave_clashes_count": 0,
      "description": "hello",
      "attachment": "leave/leave_attachment/prescription_KXla4rB.webp",
      "status": "requested",
      "requested_date": "2025-07-23",
      "approved_available_days": 0.0,
      "approved_carryforward_days": 0.0,
      "reject_reason": "",
      "created_by": 1
    }
  },
  {
    "model": "leave.leaverequest",
    "pk": 10,
    "fields": {
      "created_at": "2025-07-23T12:08:45.359Z",
      "modified_by": 1,
      "is_active": true,
      "employee_id": 42,
      "leave_type_id": 2,
      "start_date": "2025-07-29",
      "start_date_breakdown": "full_day",
      "end_date": "2025-07-29",
      "end_date_breakdown": "full_day",
      "requested_days": 1.0,
      "leave_clashes_count": 0,
      "description": "leave",
      "attachment": "",
      "status": "requested",
      "requested_date": "2025-07-23",
      "approved_available_days": 0.0,
      "approved_carryforward_days": 0.0,
      "reject_reason": "",
      "created_by": 1
    }
  },
  {
    "model": "leave.leaverequest",
    "pk": 11,
    "fields": {
      "created_at": "2025-07-23T12:09:26.321Z",
      "modified_by": 1,
      "is_active": true,
      "employee_id": 3,
      "leave_type_id": 2,
      "start_date": "2025-07-28",
      "start_date_breakdown": "full_day",
      "end_date": "2025-07-28",
      "end_date_breakdown": "full_day",
      "requested_days": 1.0,
      "leave_clashes_count": 0,
      "description": "leave",
      "attachment": "",
      "status": "requested",
      "requested_date": "2025-07-23",
      "approved_available_days": 0.0,
      "approved_carryforward_days": 0.0,
      "reject_reason": "",
      "created_by": 1
    }
  },
  {
    "model": "leave.leaverequest",
    "pk": 12,
    "fields": {
      "created_at": "2025-07-23T12:09:58.526Z",
      "modified_by": 1,
      "is_active": true,
      "employee_id": 1,
      "leave_type_id": 2,
      "start_date": "2025-07-25",
      "start_date_breakdown": "full_day",
      "end_date": "2025-07-25",
      "end_date_breakdown": "full_day",
      "requested_days": 0.0,
      "leave_clashes_count": 0,
      "description": "on a trip",
      "attachment": "",
      "status": "requested",
      "requested_date": "2025-07-23",
      "approved_available_days": 0.0,
      "approved_carryforward_days": 0.0,
      "reject_reason": "",
      "created_by": 1
    }
  },
  {
    "model": "leave.leaverequest",
    "pk": 13,
    "fields": {
      "created_at": "2025-07-23T12:10:23.607Z",
      "modified_by": 1,
      "is_active": true,
      "employee_id": 66,
      "leave_type_id": 2,
      "start_date": "2025-07-29",
      "start_date_breakdown": "full_day",
      "end_date": "2025-07-29",
      "end_date_breakdown": "full_day",
      "requested_days": 1.0,
      "leave_clashes_count": 0,
      "description": "leave",
      "attachment": "",
      "status": "requested",
      "requested_date": "2025-07-23",
      "approved_available_days": 0.0,
      "approved_carryforward_days": 0.0,
      "reject_reason": "",
      "created_by": 1
    }
  },
  {
    "model": "leave.leaveallocationrequest",
    "pk": 1,
    "fields": {
      "created_at": "2025-07-16T08:00:42.965Z",
      "created_by": 1,
      "modified_by": 1,
      "is_active": true,
      "leave_type_id": 4,
      "employee_id": 12,
      "requested_days": 10.0,
      "requested_date": "2025-07-16",
      "description": "Kindly request to allocate this leave type",
      "attachment": "",
      "status": "requested",
      "reject_reason": ""
    }
  },
  {
    "model": "leave.leaveallocationrequest",
    "pk": 2,
    "fields": {
      "created_at": "2025-07-16T08:01:28.674Z",
      "created_by": 1,
      "modified_by": 1,
      "is_active": true,
      "leave_type_id": 3,
      "employee_id": 63,
      "requested_days": 10.0,
      "requested_date": "2025-07-16",
      "description": "Request to allcoate some additional available leaves for this leave type",
      "attachment": "",
      "status": "requested",
      "reject_reason": ""
    }
  },
  {
    "model": "leave.leaveallocationrequest",
    "pk": 3,
    "fields": {
      "created_at": "2025-07-16T08:01:53.526Z",
      "created_by": 1,
      "modified_by": 1,
      "is_active": true,
      "leave_type_id": 4,
      "employee_id": 8,
      "requested_days": 30.0,
      "requested_date": "2025-07-16",
      "description": "Kindly request to allocate this leave type",
      "attachment": "",
      "status": "requested",
      "reject_reason": ""
    }
  },
  {
    "model": "leave.restrictleave",
    "pk": 2,
    "fields": {
      "created_at": "2025-07-16T08:06:27.474Z",
      "created_by": 1,
      "modified_by": 1,
      "is_active": true,
      "title": "Critical Projects",
      "start_date": "2025-07-16",
      "end_date": "2025-07-16",
      "department": 1,
      "include_all": true,
      "description": "Horilla Project Installation",
      "company_id": 1,
      "job_position": [],
      "spesific_leave_types": [],
      "exclued_leave_types": []
    }
  },
  {
    "model": "leave.restrictleave",
    "pk": 3,
    "fields": {
      "created_at": "2025-07-16T08:07:02.327Z",
      "created_by": 1,
      "modified_by": 1,
      "is_active": true,
      "title": "Product launch week",
      "start_date": "2025-07-23",
      "end_date": "2025-07-27",
      "department": 2,
      "include_all": true,
      "description": "Luanch Horilla",
      "company_id": 1,
      "job_position": [],
      "spesific_leave_types": [],
      "exclued_leave_types": []
    }
  },
  {
    "model": "leave.restrictleave",
    "pk": 4,
    "fields": {
      "created_at": "2025-07-16T08:07:48.937Z",
      "created_by": 1,
      "modified_by": 1,
      "is_active": true,
      "title": "Sales Days",
      "start_date": "2025-07-24",
      "end_date": "2025-07-26",
      "department": 2,
      "include_all": true,
      "description": "Chirstmas Sales",
      "company_id": 1,
      "job_position": [],
      "spesific_leave_types": [],
      "exclued_leave_types": [3]
    }
  },
  {
    "model": "leave.restrictleave",
    "pk": 5,
    "fields": {
      "created_at": "2025-07-12T10:25:21.388Z",
      "created_by": 1,
      "modified_by": 1,
      "is_active": true,
      "title": "S/W Dept. Restriction",
      "start_date": "2025-07-01",
      "end_date": "2025-07-30",
      "department": 1,
      "include_all": true,
      "description": "Description",
      "company_id": 1,
      "job_position": [],
      "spesific_leave_types": [],
      "exclued_leave_types": [3]
    }
  },
  {
    "model": "leave.employeepastleaverestrict",
    "pk": 1,
    "fields": {
      "created_at": "2025-07-21T04:40:18.153Z",
      "created_by": null,
      "modified_by": null,
      "is_active": true,
      "enabled": true
    }
  }
]
