[
  {
    "model": "pms.period",
    "pk": 1,
    "fields": {
      "created_at": "2025-07-10T03:18:54.928Z",
      "created_by": 1,
      "modified_by": 1,
      "is_active": true,
      "period_name": "First Half 2024",
      "start_date": "2024-01-01",
      "end_date": "2024-06-30",
      "company_id": [1, 2, 3]
    }
  },
  {
    "model": "pms.period",
    "pk": 2,
    "fields": {
      "created_at": "2025-07-10T03:20:01.039Z",
      "created_by": 1,
      "modified_by": 1,
      "is_active": true,
      "period_name": "Second Half 2024",
      "start_date": "2024-07-01",
      "end_date": "2025-07-30",
      "company_id": [1, 2, 3]
    }
  },
  {
    "model": "pms.historicalkeyresult",
    "pk": 1,
    "fields": {
      "id": 3,
      "created_at": "2024-09-17T09:32:55.218Z",
      "is_active": true,
      "history_title": null,
      "history_description": null,
      "history_highlight": false,
      "title": "Social Media Influvencer",
      "description": "Description",
      "progress_type": "%",
      "target_value": 100,
      "duration": 2,
      "archive": false,
      "created_by": 1,
      "modified_by": 1,
      "company_id": 1,
      "history_date": "2025-07-09T03:56:31.268Z",
      "history_change_reason": null,
      "history_type": "~",
      "history_user": null,
      "history_tags": []
    }
  },
  {
    "model": "pms.historicalkeyresult",
    "pk": 2,
    "fields": {
      "id": 3,
      "created_at": "2024-09-17T09:32:55.218Z",
      "is_active": true,
      "history_title": null,
      "history_description": null,
      "history_highlight": false,
      "title": "Social Media Influvencer",
      "description": "Description",
      "progress_type": "%",
      "target_value": 100,
      "duration": 2,
      "archive": false,
      "created_by": 1,
      "modified_by": 1,
      "company_id": 1,
      "history_date": "2025-07-09T04:06:25.161Z",
      "history_change_reason": null,
      "history_type": "~",
      "history_user": null,
      "history_tags": []
    }
  },
  {
    "model": "pms.historicalkeyresult",
    "pk": 3,
    "fields": {
      "id": 3,
      "created_at": "2024-09-17T09:32:55.218Z",
      "is_active": true,
      "history_title": null,
      "history_description": null,
      "history_highlight": false,
      "title": "Social Media Influvencer",
      "description": "Description",
      "progress_type": "%",
      "target_value": 100,
      "duration": 2,
      "archive": false,
      "created_by": 1,
      "modified_by": 1,
      "company_id": 1,
      "history_date": "2025-07-09T04:07:56.768Z",
      "history_change_reason": null,
      "history_type": "~",
      "history_user": null,
      "history_tags": []
    }
  },
  {
    "model": "pms.historicalkeyresult",
    "pk": 4,
    "fields": {
      "id": 3,
      "created_at": "2024-09-17T09:32:55.218Z",
      "is_active": true,
      "history_title": null,
      "history_description": null,
      "history_highlight": false,
      "title": "Social Media Influvencer",
      "description": "Description",
      "progress_type": "%",
      "target_value": 100,
      "duration": 2,
      "archive": false,
      "created_by": 1,
      "modified_by": 1,
      "company_id": 1,
      "history_date": "2025-07-09T04:08:22.171Z",
      "history_change_reason": null,
      "history_type": "~",
      "history_user": null,
      "history_tags": []
    }
  },
  {
    "model": "pms.historicalkeyresult",
    "pk": 5,
    "fields": {
      "id": 3,
      "created_at": "2024-09-17T09:32:55.218Z",
      "is_active": true,
      "history_title": null,
      "history_description": null,
      "history_highlight": false,
      "title": "Social Media Influvencer",
      "description": "Description",
      "progress_type": "%",
      "target_value": 100,
      "duration": 2,
      "archive": false,
      "created_by": 1,
      "modified_by": 1,
      "company_id": 1,
      "history_date": "2025-07-09T04:08:35.727Z",
      "history_change_reason": null,
      "history_type": "~",
      "history_user": null,
      "history_tags": []
    }
  },
  {
    "model": "pms.historicalkeyresult",
    "pk": 6,
    "fields": {
      "id": 3,
      "created_at": "2024-09-17T09:32:55.218Z",
      "is_active": true,
      "history_title": null,
      "history_description": null,
      "history_highlight": false,
      "title": "Social Media Influvencer",
      "description": "Description",
      "progress_type": "%",
      "target_value": 100,
      "duration": 2,
      "archive": false,
      "created_by": 1,
      "modified_by": 1,
      "company_id": 1,
      "history_date": "2025-07-09T04:09:07.671Z",
      "history_change_reason": null,
      "history_type": "~",
      "history_user": null,
      "history_tags": []
    }
  },
  {
    "model": "pms.historicalkeyresult",
    "pk": 7,
    "fields": {
      "id": 3,
      "created_at": "2024-09-17T09:32:55.218Z",
      "is_active": true,
      "history_title": null,
      "history_description": null,
      "history_highlight": false,
      "title": "Social Media Influvencer",
      "description": "Description",
      "progress_type": "%",
      "target_value": 100,
      "duration": 2,
      "archive": false,
      "created_by": 1,
      "modified_by": 1,
      "company_id": 1,
      "history_date": "2025-07-09T04:12:17.507Z",
      "history_change_reason": null,
      "history_type": "~",
      "history_user": null,
      "history_tags": []
    }
  },
  {
    "model": "pms.historicalkeyresult",
    "pk": 8,
    "fields": {
      "id": 3,
      "created_at": "2024-09-17T09:32:55.218Z",
      "is_active": true,
      "history_title": null,
      "history_description": null,
      "history_highlight": false,
      "title": "Social Media Influvencer",
      "description": "Description",
      "progress_type": "%",
      "target_value": 100,
      "duration": 2,
      "archive": false,
      "created_by": 1,
      "modified_by": 1,
      "company_id": 1,
      "history_date": "2025-07-09T04:12:25.983Z",
      "history_change_reason": null,
      "history_type": "~",
      "history_user": null,
      "history_tags": []
    }
  },
  {
    "model": "pms.historicalkeyresult",
    "pk": 9,
    "fields": {
      "id": 3,
      "created_at": "2024-09-17T09:32:55.218Z",
      "is_active": true,
      "history_title": null,
      "history_description": null,
      "history_highlight": false,
      "title": "Social Media Influvencer",
      "description": "Description",
      "progress_type": "%",
      "target_value": 100,
      "duration": 2,
      "archive": false,
      "created_by": 1,
      "modified_by": 1,
      "company_id": 1,
      "history_date": "2025-07-09T04:26:23.522Z",
      "history_change_reason": null,
      "history_type": "~",
      "history_user": null,
      "history_tags": []
    }
  },
  {
    "model": "pms.historicalkeyresult",
    "pk": 10,
    "fields": {
      "id": 3,
      "created_at": "2024-09-17T09:32:55.218Z",
      "is_active": true,
      "history_title": null,
      "history_description": null,
      "history_highlight": false,
      "title": "Social Media Influvencer",
      "description": "Description",
      "progress_type": "%",
      "target_value": 100,
      "duration": 2,
      "archive": false,
      "created_by": 1,
      "modified_by": 1,
      "company_id": 1,
      "history_date": "2025-07-09T04:26:43.184Z",
      "history_change_reason": null,
      "history_type": "~",
      "history_user": null,
      "history_tags": []
    }
  },
  {
    "model": "pms.historicalkeyresult",
    "pk": 11,
    "fields": {
      "id": 3,
      "created_at": "2024-09-17T09:32:55.218Z",
      "is_active": true,
      "history_title": null,
      "history_description": null,
      "history_highlight": false,
      "title": "Social Media Influvencer",
      "description": "Description",
      "progress_type": "%",
      "target_value": 100,
      "duration": 2,
      "archive": false,
      "created_by": 1,
      "modified_by": 1,
      "company_id": 1,
      "history_date": "2025-07-09T04:27:06.415Z",
      "history_change_reason": null,
      "history_type": "~",
      "history_user": null,
      "history_tags": []
    }
  },
  {
    "model": "pms.historicalkeyresult",
    "pk": 12,
    "fields": {
      "id": 3,
      "created_at": "2024-09-17T09:32:55.218Z",
      "is_active": true,
      "history_title": null,
      "history_description": null,
      "history_highlight": false,
      "title": "Social Media Influvencer",
      "description": "Description",
      "progress_type": "%",
      "target_value": 100,
      "duration": 2,
      "archive": false,
      "created_by": 1,
      "modified_by": 1,
      "company_id": 1,
      "history_date": "2025-07-09T04:28:09.360Z",
      "history_change_reason": null,
      "history_type": "~",
      "history_user": null,
      "history_tags": []
    }
  },
  {
    "model": "pms.historicalkeyresult",
    "pk": 13,
    "fields": {
      "id": 3,
      "created_at": "2024-09-17T09:32:55.218Z",
      "is_active": true,
      "history_title": null,
      "history_description": null,
      "history_highlight": false,
      "title": "Social Media Influvencer",
      "description": "Description",
      "progress_type": "%",
      "target_value": 100,
      "duration": 2,
      "archive": false,
      "created_by": 1,
      "modified_by": 1,
      "company_id": 1,
      "history_date": "2025-07-09T04:29:04.330Z",
      "history_change_reason": null,
      "history_type": "~",
      "history_user": null,
      "history_tags": []
    }
  },
  {
    "model": "pms.historicalkeyresult",
    "pk": 14,
    "fields": {
      "id": 3,
      "created_at": "2024-09-17T09:32:55.218Z",
      "is_active": true,
      "history_title": null,
      "history_description": null,
      "history_highlight": false,
      "title": "Social Media Influvencer",
      "description": "Description",
      "progress_type": "%",
      "target_value": 100,
      "duration": 2,
      "archive": false,
      "created_by": 1,
      "modified_by": 1,
      "company_id": 1,
      "history_date": "2025-07-09T04:31:04.038Z",
      "history_change_reason": null,
      "history_type": "~",
      "history_user": null,
      "history_tags": []
    }
  },
  {
    "model": "pms.historicalkeyresult",
    "pk": 15,
    "fields": {
      "id": 3,
      "created_at": "2024-09-17T09:32:55.218Z",
      "is_active": true,
      "history_title": null,
      "history_description": null,
      "history_highlight": false,
      "title": "Social Media Influvencer",
      "description": "Description",
      "progress_type": "%",
      "target_value": 100,
      "duration": 2,
      "archive": false,
      "created_by": 1,
      "modified_by": 1,
      "company_id": 1,
      "history_date": "2025-07-09T04:43:23.982Z",
      "history_change_reason": null,
      "history_type": "~",
      "history_user": null,
      "history_tags": []
    }
  },
  {
    "model": "pms.historicalkeyresult",
    "pk": 16,
    "fields": {
      "id": 3,
      "created_at": "2024-09-17T09:32:55.218Z",
      "is_active": true,
      "history_title": null,
      "history_description": null,
      "history_highlight": false,
      "title": "Social Media Influvencer",
      "description": "Description",
      "progress_type": "%",
      "target_value": 100,
      "duration": 2,
      "archive": false,
      "created_by": 1,
      "modified_by": 1,
      "company_id": 1,
      "history_date": "2025-07-09T04:57:27.561Z",
      "history_change_reason": null,
      "history_type": "~",
      "history_user": null,
      "history_tags": []
    }
  },
  {
    "model": "pms.historicalkeyresult",
    "pk": 17,
    "fields": {
      "id": 3,
      "created_at": "2024-09-17T09:32:55.218Z",
      "is_active": true,
      "history_title": null,
      "history_description": null,
      "history_highlight": false,
      "title": "Social Media Influvencer",
      "description": "Description",
      "progress_type": "%",
      "target_value": 100,
      "duration": 2,
      "archive": false,
      "created_by": 1,
      "modified_by": 1,
      "company_id": 1,
      "history_date": "2025-07-09T05:08:11.324Z",
      "history_change_reason": null,
      "history_type": "~",
      "history_user": null,
      "history_tags": []
    }
  },
  {
    "model": "pms.historicalkeyresult",
    "pk": 18,
    "fields": {
      "id": 3,
      "created_at": "2024-09-17T09:32:55.218Z",
      "is_active": true,
      "history_title": null,
      "history_description": null,
      "history_highlight": false,
      "title": "Social Media Influvencer",
      "description": "Description",
      "progress_type": "%",
      "target_value": 100,
      "duration": 2,
      "archive": false,
      "created_by": 1,
      "modified_by": 1,
      "company_id": 1,
      "history_date": "2025-07-09T05:08:23.570Z",
      "history_change_reason": null,
      "history_type": "~",
      "history_user": null,
      "history_tags": []
    }
  },
  {
    "model": "pms.historicalkeyresult",
    "pk": 19,
    "fields": {
      "id": 3,
      "created_at": "2024-09-17T09:32:55.218Z",
      "is_active": true,
      "history_title": null,
      "history_description": null,
      "history_highlight": false,
      "title": "Social Media Influvencer",
      "description": "Description",
      "progress_type": "%",
      "target_value": 100,
      "duration": 2,
      "archive": false,
      "created_by": 1,
      "modified_by": 1,
      "company_id": 1,
      "history_date": "2025-07-09T05:08:37.172Z",
      "history_change_reason": null,
      "history_type": "~",
      "history_user": null,
      "history_tags": []
    }
  },
  {
    "model": "pms.historicalkeyresult",
    "pk": 20,
    "fields": {
      "id": 3,
      "created_at": "2024-09-17T09:32:55.218Z",
      "is_active": true,
      "history_title": null,
      "history_description": null,
      "history_highlight": false,
      "title": "Social Media Influvencer",
      "description": "Description",
      "progress_type": "%",
      "target_value": 100,
      "duration": 2,
      "archive": false,
      "created_by": 1,
      "modified_by": 1,
      "company_id": 1,
      "history_date": "2025-07-09T05:09:12.127Z",
      "history_change_reason": null,
      "history_type": "~",
      "history_user": null,
      "history_tags": []
    }
  },
  {
    "model": "pms.historicalkeyresult",
    "pk": 21,
    "fields": {
      "id": 3,
      "created_at": "2024-09-17T09:32:55.218Z",
      "is_active": true,
      "history_title": null,
      "history_description": null,
      "history_highlight": false,
      "title": "Social Media Influvencer",
      "description": "Description",
      "progress_type": "%",
      "target_value": 100,
      "duration": 2,
      "archive": false,
      "created_by": 1,
      "modified_by": 1,
      "company_id": 1,
      "history_date": "2025-07-09T05:09:30.817Z",
      "history_change_reason": null,
      "history_type": "~",
      "history_user": null,
      "history_tags": []
    }
  },
  {
    "model": "pms.historicalkeyresult",
    "pk": 22,
    "fields": {
      "id": 3,
      "created_at": "2024-09-17T09:32:55.218Z",
      "is_active": true,
      "history_title": null,
      "history_description": null,
      "history_highlight": false,
      "title": "Social Media Influvencer",
      "description": "Description",
      "progress_type": "%",
      "target_value": 100,
      "duration": 2,
      "archive": false,
      "created_by": 1,
      "modified_by": 1,
      "company_id": 1,
      "history_date": "2025-07-09T05:09:55.938Z",
      "history_change_reason": null,
      "history_type": "~",
      "history_user": null,
      "history_tags": []
    }
  },
  {
    "model": "pms.historicalkeyresult",
    "pk": 23,
    "fields": {
      "id": 3,
      "created_at": "2024-09-17T09:32:55.218Z",
      "is_active": true,
      "history_title": null,
      "history_description": null,
      "history_highlight": false,
      "title": "Social Media Influvencer",
      "description": "Description",
      "progress_type": "%",
      "target_value": 100,
      "duration": 2,
      "archive": false,
      "created_by": 1,
      "modified_by": 1,
      "company_id": 1,
      "history_date": "2025-07-09T05:28:30.867Z",
      "history_change_reason": null,
      "history_type": "~",
      "history_user": null,
      "history_tags": []
    }
  },
  {
    "model": "pms.historicalkeyresult",
    "pk": 24,
    "fields": {
      "id": 3,
      "created_at": "2024-09-17T09:32:55.218Z",
      "is_active": true,
      "history_title": null,
      "history_description": null,
      "history_highlight": false,
      "title": "Social Media Influvencer",
      "description": "Description",
      "progress_type": "%",
      "target_value": 100,
      "duration": 2,
      "archive": false,
      "created_by": 1,
      "modified_by": 1,
      "company_id": 1,
      "history_date": "2025-07-09T05:29:44.623Z",
      "history_change_reason": null,
      "history_type": "~",
      "history_user": null,
      "history_tags": []
    }
  },
  {
    "model": "pms.historicalkeyresult",
    "pk": 25,
    "fields": {
      "id": 3,
      "created_at": "2024-09-17T09:32:55.218Z",
      "is_active": true,
      "history_title": null,
      "history_description": null,
      "history_highlight": false,
      "title": "Social Media Influvencer",
      "description": "Description",
      "progress_type": "%",
      "target_value": 100,
      "duration": 2,
      "archive": false,
      "created_by": 1,
      "modified_by": 1,
      "company_id": 1,
      "history_date": "2025-07-09T05:36:32.069Z",
      "history_change_reason": null,
      "history_type": "~",
      "history_user": null,
      "history_tags": []
    }
  },
  {
    "model": "pms.historicalkeyresult",
    "pk": 26,
    "fields": {
      "id": 3,
      "created_at": "2024-09-17T09:32:55.218Z",
      "is_active": true,
      "history_title": null,
      "history_description": null,
      "history_highlight": false,
      "title": "Social Media Influvencer",
      "description": "Description",
      "progress_type": "%",
      "target_value": 100,
      "duration": 2,
      "archive": false,
      "created_by": 1,
      "modified_by": 1,
      "company_id": 1,
      "history_date": "2025-07-09T05:36:37.670Z",
      "history_change_reason": null,
      "history_type": "~",
      "history_user": null,
      "history_tags": []
    }
  },
  {
    "model": "pms.historicalkeyresult",
    "pk": 27,
    "fields": {
      "id": 3,
      "created_at": "2024-09-17T09:32:55.218Z",
      "is_active": true,
      "history_title": null,
      "history_description": null,
      "history_highlight": false,
      "title": "Social Media Influvencer",
      "description": "Description",
      "progress_type": "%",
      "target_value": 100,
      "duration": 2,
      "archive": false,
      "created_by": 1,
      "modified_by": 1,
      "company_id": 1,
      "history_date": "2025-07-09T05:41:32.527Z",
      "history_change_reason": null,
      "history_type": "~",
      "history_user": null,
      "history_tags": []
    }
  },
  {
    "model": "pms.historicalkeyresult",
    "pk": 28,
    "fields": {
      "id": 3,
      "created_at": "2024-09-17T09:32:55.218Z",
      "is_active": true,
      "history_title": null,
      "history_description": null,
      "history_highlight": false,
      "title": "Social Media Influvencer",
      "description": "Description",
      "progress_type": "%",
      "target_value": 100,
      "duration": 2,
      "archive": false,
      "created_by": 1,
      "modified_by": 1,
      "company_id": 1,
      "history_date": "2025-07-09T05:41:49.267Z",
      "history_change_reason": null,
      "history_type": "~",
      "history_user": null,
      "history_tags": []
    }
  },
  {
    "model": "pms.historicalkeyresult",
    "pk": 29,
    "fields": {
      "id": 3,
      "created_at": "2024-09-17T09:32:55.218Z",
      "is_active": true,
      "history_title": null,
      "history_description": null,
      "history_highlight": false,
      "title": "Social Media Influvencer",
      "description": "Description",
      "progress_type": "%",
      "target_value": 100,
      "duration": 2,
      "archive": false,
      "created_by": 1,
      "modified_by": 1,
      "company_id": 1,
      "history_date": "2025-07-09T05:42:06.763Z",
      "history_change_reason": null,
      "history_type": "~",
      "history_user": null,
      "history_tags": []
    }
  },
  {
    "model": "pms.historicalkeyresult",
    "pk": 30,
    "fields": {
      "id": 3,
      "created_at": "2024-09-17T09:32:55.218Z",
      "is_active": true,
      "history_title": null,
      "history_description": null,
      "history_highlight": false,
      "title": "Social Media Influvencer",
      "description": "Description",
      "progress_type": "%",
      "target_value": 100,
      "duration": 2,
      "archive": false,
      "created_by": 1,
      "modified_by": 1,
      "company_id": 1,
      "history_date": "2025-07-09T05:42:11.592Z",
      "history_change_reason": null,
      "history_type": "~",
      "history_user": null,
      "history_tags": []
    }
  },
  {
    "model": "pms.historicalkeyresult",
    "pk": 31,
    "fields": {
      "id": 3,
      "created_at": "2024-09-17T09:32:55.218Z",
      "is_active": true,
      "history_title": null,
      "history_description": null,
      "history_highlight": false,
      "title": "Social Media Influvencer",
      "description": "Description",
      "progress_type": "%",
      "target_value": 100,
      "duration": 2,
      "archive": false,
      "created_by": 1,
      "modified_by": 1,
      "company_id": 1,
      "history_date": "2025-07-09T11:05:35.708Z",
      "history_change_reason": null,
      "history_type": "~",
      "history_user": null,
      "history_tags": []
    }
  },
  {
    "model": "pms.historicalkeyresult",
    "pk": 32,
    "fields": {
      "id": 3,
      "created_at": "2024-09-17T09:32:55.218Z",
      "is_active": true,
      "history_title": null,
      "history_description": null,
      "history_highlight": false,
      "title": "Social Media Influvencer",
      "description": "Description",
      "progress_type": "%",
      "target_value": 100,
      "duration": 2,
      "archive": false,
      "created_by": 1,
      "modified_by": 1,
      "company_id": 1,
      "history_date": "2025-07-09T11:06:37.940Z",
      "history_change_reason": null,
      "history_type": "~",
      "history_user": null,
      "history_tags": []
    }
  },
  {
    "model": "pms.historicalkeyresult",
    "pk": 33,
    "fields": {
      "id": 3,
      "created_at": "2024-09-17T09:32:55.218Z",
      "is_active": true,
      "history_title": null,
      "history_description": null,
      "history_highlight": false,
      "title": "Social Media Influvencer",
      "description": "Description",
      "progress_type": "%",
      "target_value": 100,
      "duration": 2,
      "archive": false,
      "created_by": 1,
      "modified_by": 1,
      "company_id": 1,
      "history_date": "2025-07-09T11:22:34.873Z",
      "history_change_reason": null,
      "history_type": "~",
      "history_user": null,
      "history_tags": []
    }
  },
  {
    "model": "pms.historicalkeyresult",
    "pk": 34,
    "fields": {
      "id": 3,
      "created_at": "2024-09-17T09:32:55.218Z",
      "is_active": true,
      "history_title": null,
      "history_description": null,
      "history_highlight": false,
      "title": "Social Media Influvencer",
      "description": "Description",
      "progress_type": "%",
      "target_value": 100,
      "duration": 2,
      "archive": false,
      "created_by": 1,
      "modified_by": 1,
      "company_id": 1,
      "history_date": "2025-07-09T11:22:40.444Z",
      "history_change_reason": null,
      "history_type": "~",
      "history_user": null,
      "history_tags": []
    }
  },
  {
    "model": "pms.historicalkeyresult",
    "pk": 35,
    "fields": {
      "id": 3,
      "created_at": "2024-09-17T09:32:55.218Z",
      "is_active": true,
      "history_title": null,
      "history_description": null,
      "history_highlight": false,
      "title": "Social Media Influvencer",
      "description": "Description",
      "progress_type": "%",
      "target_value": 100,
      "duration": 2,
      "archive": false,
      "created_by": 1,
      "modified_by": 1,
      "company_id": 1,
      "history_date": "2025-07-10T03:06:08.373Z",
      "history_change_reason": null,
      "history_type": "~",
      "history_user": null,
      "history_tags": []
    }
  },
  {
    "model": "pms.historicalkeyresult",
    "pk": 36,
    "fields": {
      "id": 3,
      "created_at": "2024-09-17T09:32:55.218Z",
      "is_active": true,
      "history_title": null,
      "history_description": null,
      "history_highlight": false,
      "title": "Social Media Influvencer",
      "description": "Description",
      "progress_type": "%",
      "target_value": 100,
      "duration": 2,
      "archive": false,
      "created_by": 1,
      "modified_by": 1,
      "company_id": 1,
      "history_date": "2025-07-10T03:06:17.492Z",
      "history_change_reason": null,
      "history_type": "~",
      "history_user": null,
      "history_tags": []
    }
  },
  {
    "model": "pms.historicalkeyresult",
    "pk": 37,
    "fields": {
      "id": 3,
      "created_at": "2024-09-17T09:32:55.218Z",
      "is_active": true,
      "history_title": null,
      "history_description": null,
      "history_highlight": false,
      "title": "Social Media Influvencer",
      "description": "Description",
      "progress_type": "%",
      "target_value": 100,
      "duration": 2,
      "archive": false,
      "created_by": 1,
      "modified_by": 1,
      "company_id": 1,
      "history_date": "2025-07-10T03:22:10.140Z",
      "history_change_reason": null,
      "history_type": "~",
      "history_user": null,
      "history_tags": []
    }
  },
  {
    "model": "pms.historicalkeyresult",
    "pk": 38,
    "fields": {
      "id": 3,
      "created_at": "2024-09-17T09:32:55.218Z",
      "is_active": true,
      "history_title": null,
      "history_description": null,
      "history_highlight": false,
      "title": "Social Media Influvencer",
      "description": "Description",
      "progress_type": "%",
      "target_value": 100,
      "duration": 2,
      "archive": false,
      "created_by": 1,
      "modified_by": 1,
      "company_id": 1,
      "history_date": "2025-07-10T03:22:31.426Z",
      "history_change_reason": null,
      "history_type": "~",
      "history_user": null,
      "history_tags": []
    }
  },
  {
    "model": "pms.keyresult",
    "pk": 1,
    "fields": {
      "created_at": "2024-09-17T09:31:25.485Z",
      "created_by": 1,
      "modified_by": 1,
      "is_active": true,
      "title": "Contact Customer",
      "description": "Description",
      "progress_type": "%",
      "target_value": 100,
      "duration": 10,
      "archive": false,
      "company_id": 1
    }
  },
  {
    "model": "pms.keyresult",
    "pk": 2,
    "fields": {
      "created_at": "2024-09-17T09:32:03.931Z",
      "created_by": 1,
      "modified_by": 1,
      "is_active": true,
      "title": "Digital Marketing",
      "description": "Descriptio",
      "progress_type": "%",
      "target_value": 100,
      "duration": 10,
      "archive": false,
      "company_id": 1
    }
  },
  {
    "model": "pms.keyresult",
    "pk": 3,
    "fields": {
      "created_at": "2024-09-17T09:32:55.218Z",
      "created_by": 1,
      "modified_by": 1,
      "is_active": true,
      "title": "Social Media Influvencer",
      "description": "Description",
      "progress_type": "%",
      "target_value": 100,
      "duration": 2,
      "archive": false,
      "company_id": 1
    }
  },
  {
    "model": "pms.objective",
    "pk": 1,
    "fields": {
      "created_at": "2024-09-17T09:33:00.753Z",
      "created_by": 1,
      "modified_by": 1,
      "is_active": true,
      "title": "Increase Sales",
      "description": "Description",
      "duration_unit": "months",
      "duration": 1,
      "add_assignees": false,
      "archive": false,
      "company_id": null,
      "managers": [37],
      "assignees": [12, 13, 68],
      "key_result_id": [3, 2, 1]
    }
  },
  {
    "model": "pms.objective",
    "pk": 2,
    "fields": {
      "created_at": "2024-09-17T09:33:00.753Z",
      "created_by": 1,
      "modified_by": 1,
      "is_active": true,
      "title": "Customer Satisfaction",
      "description": "Measure client or customer satisfaction levels based on interactions or feedback.",
      "duration_unit": "months",
      "duration": 1,
      "add_assignees": false,
      "archive": false,
      "company_id": null,
      "managers": [37],
      "assignees": [12, 13, 68],
      "key_result_id": [3, 2, 1]
    }
  },
  {
    "model": "pms.objective",
    "pk": 3,
    "fields": {
      "created_at": "2024-09-17T09:33:00.753Z",
      "created_by": 1,
      "modified_by": 1,
      "is_active": true,
      "title": "Productivity Metrics",
      "description": "Use KPIs (Key Performance Indicator) related to the role to measure productive",
      "duration_unit": "months",
      "duration": 1,
      "add_assignees": false,
      "archive": false,
      "company_id": null,
      "managers": [37],
      "assignees": [12, 13, 68],
      "key_result_id": [3, 2, 1]
    }
  },
  {
    "model": "pms.objective",
    "pk": 4,
    "fields": {
      "created_at": "2024-09-17T09:33:00.753Z",
      "created_by": 1,
      "modified_by": 1,
      "is_active": true,
      "title": "Employee Engagement",
      "description": "Evaluate the level of engagement and commitment toward the company.",
      "duration_unit": "months",
      "duration": 1,
      "add_assignees": false,
      "archive": false,
      "company_id": null,
      "managers": [37],
      "assignees": [12, 13, 68],
      "key_result_id": [3, 2, 1]
    }
  },
  {
    "model": "pms.employeeobjective",
    "pk": 1,
    "fields": {
      "created_by": 1,
      "modified_by": 1,
      "is_active": true,
      "objective": null,
      "objective_description": null,
      "created_at": "2024-09-17",
      "objective_id": 1,
      "employee_id": 12,
      "updated_at": "2024-09-17",
      "start_date": "2024-09-23",
      "end_date": "2024-10-23",
      "status": "Not Started",
      "progress_percentage": 0,
      "archive": false,
      "key_result_id": []
    }
  },
  {
    "model": "pms.employeeobjective",
    "pk": 2,
    "fields": {
      "created_by": 1,
      "modified_by": 1,
      "is_active": true,
      "objective": null,
      "objective_description": null,
      "created_at": "2024-09-17",
      "objective_id": 1,
      "employee_id": 13,
      "updated_at": "2024-09-17",
      "start_date": "2024-09-23",
      "end_date": "2024-10-23",
      "status": "Not Started",
      "progress_percentage": 0,
      "archive": false,
      "key_result_id": []
    }
  },
  {
    "model": "pms.employeeobjective",
    "pk": 3,
    "fields": {
      "created_by": 1,
      "modified_by": 1,
      "is_active": true,
      "objective": null,
      "objective_description": null,
      "created_at": "2024-09-17",
      "objective_id": 1,
      "employee_id": 68,
      "updated_at": "2024-09-17",
      "start_date": "2024-09-23",
      "end_date": "2024-10-23",
      "status": "Not Started",
      "progress_percentage": 0,
      "archive": false,
      "key_result_id": []
    }
  },
  {
    "model": "pms.employeekeyresult",
    "pk": 1,
    "fields": {
      "key_result": "Social Media Influvencer",
      "key_result_description": null,
      "employee_objective_id": 1,
      "key_result_id": 3,
      "progress_type": "%",
      "status": "Not Started",
      "created_at": "2024-09-17",
      "updated_at": "2024-09-17",
      "start_value": 0,
      "current_value": 0,
      "target_value": 100,
      "start_date": null,
      "end_date": null,
      "progress_percentage": 0
    }
  },
  {
    "model": "pms.employeekeyresult",
    "pk": 2,
    "fields": {
      "key_result": "Digital Marketing",
      "key_result_description": null,
      "employee_objective_id": 1,
      "key_result_id": 2,
      "progress_type": "%",
      "status": "Not Started",
      "created_at": "2024-09-17",
      "updated_at": "2024-09-17",
      "start_value": 0,
      "current_value": 0,
      "target_value": 100,
      "start_date": null,
      "end_date": null,
      "progress_percentage": 0
    }
  },
  {
    "model": "pms.employeekeyresult",
    "pk": 3,
    "fields": {
      "key_result": "Contact Customer",
      "key_result_description": null,
      "employee_objective_id": 1,
      "key_result_id": 1,
      "progress_type": "%",
      "status": "Not Started",
      "created_at": "2024-09-17",
      "updated_at": "2024-09-17",
      "start_value": 0,
      "current_value": 0,
      "target_value": 100,
      "start_date": null,
      "end_date": null,
      "progress_percentage": 0
    }
  },
  {
    "model": "pms.employeekeyresult",
    "pk": 4,
    "fields": {
      "key_result": "Social Media Influvencer",
      "key_result_description": null,
      "employee_objective_id": 2,
      "key_result_id": 3,
      "progress_type": "%",
      "status": "Not Started",
      "created_at": "2024-09-17",
      "updated_at": "2024-09-17",
      "start_value": 0,
      "current_value": 0,
      "target_value": 100,
      "start_date": null,
      "end_date": null,
      "progress_percentage": 0
    }
  },
  {
    "model": "pms.employeekeyresult",
    "pk": 5,
    "fields": {
      "key_result": "Digital Marketing",
      "key_result_description": null,
      "employee_objective_id": 2,
      "key_result_id": 2,
      "progress_type": "%",
      "status": "Not Started",
      "created_at": "2024-09-17",
      "updated_at": "2024-09-17",
      "start_value": 0,
      "current_value": 0,
      "target_value": 100,
      "start_date": null,
      "end_date": null,
      "progress_percentage": 0
    }
  },
  {
    "model": "pms.employeekeyresult",
    "pk": 6,
    "fields": {
      "key_result": "Contact Customer",
      "key_result_description": null,
      "employee_objective_id": 2,
      "key_result_id": 1,
      "progress_type": "%",
      "status": "Not Started",
      "created_at": "2024-09-17",
      "updated_at": "2024-09-17",
      "start_value": 0,
      "current_value": 0,
      "target_value": 100,
      "start_date": null,
      "end_date": null,
      "progress_percentage": 0
    }
  },
  {
    "model": "pms.employeekeyresult",
    "pk": 7,
    "fields": {
      "key_result": "Social Media Influvencer",
      "key_result_description": null,
      "employee_objective_id": 3,
      "key_result_id": 3,
      "progress_type": "%",
      "status": "Not Started",
      "created_at": "2024-09-17",
      "updated_at": "2024-09-17",
      "start_value": 0,
      "current_value": 0,
      "target_value": 100,
      "start_date": null,
      "end_date": null,
      "progress_percentage": 0
    }
  },
  {
    "model": "pms.employeekeyresult",
    "pk": 8,
    "fields": {
      "key_result": "Digital Marketing",
      "key_result_description": null,
      "employee_objective_id": 3,
      "key_result_id": 2,
      "progress_type": "%",
      "status": "Not Started",
      "created_at": "2024-09-17",
      "updated_at": "2024-09-17",
      "start_value": 0,
      "current_value": 0,
      "target_value": 100,
      "start_date": null,
      "end_date": null,
      "progress_percentage": 0
    }
  },
  {
    "model": "pms.employeekeyresult",
    "pk": 9,
    "fields": {
      "key_result": "Contact Customer",
      "key_result_description": null,
      "employee_objective_id": 3,
      "key_result_id": 1,
      "progress_type": "%",
      "status": "Not Started",
      "created_at": "2024-09-17",
      "updated_at": "2024-09-17",
      "start_value": 0,
      "current_value": 0,
      "target_value": 100,
      "start_date": null,
      "end_date": null,
      "progress_percentage": 0
    }
  },
  {
    "model": "pms.questiontemplate",
    "pk": 1,
    "fields": {
      "created_at": "2025-07-10T03:12:56.357Z",
      "created_by": 1,
      "modified_by": 1,
      "is_active": true,
      "question_template": "Developer Question",
      "company_id": [1, 2, 3]
    }
  },
  {
    "model": "pms.question",
    "pk": 1,
    "fields": {
      "created_at": "2025-07-10T03:14:44.788Z",
      "created_by": 1,
      "modified_by": 1,
      "is_active": true,
      "question": "Can you share an example of a time employee positively impacted the team or a project?",
      "question_type": "1",
      "template_id": 1
    }
  },
  {
    "model": "pms.question",
    "pk": 2,
    "fields": {
      "created_at": "2025-07-10T03:15:07.690Z",
      "created_by": 1,
      "modified_by": 1,
      "is_active": true,
      "question": "How would you describe your working relationship with this employee",
      "question_type": "2",
      "template_id": 1
    }
  },
  {
    "model": "pms.question",
    "pk": 3,
    "fields": {
      "created_at": "2025-07-10T03:16:18.905Z",
      "created_by": 1,
      "modified_by": 1,
      "is_active": true,
      "question": "What skills or behaviors do you think employee could improve to be even more effective?",
      "question_type": "4",
      "template_id": 1
    }
  },
  {
    "model": "pms.questionoptions",
    "pk": 1,
    "fields": {
      "created_at": "2025-07-10T03:16:18.925Z",
      "created_by": 1,
      "modified_by": 1,
      "is_active": true,
      "question_id": 3,
      "option_a": "Coding",
      "option_b": "Communication",
      "option_c": "Meeting",
      "option_d": "Nothing"
    }
  },
  {
    "model": "pms.feedback",
    "pk": 1,
    "fields": {
      "created_at": "2025-07-10T03:17:18.931Z",
      "created_by": 1,
      "modified_by": 1,
      "is_active": true,
      "review_cycle": "Isabella Feedback",
      "manager_id": 13,
      "employee_id": 14,
      "question_template_id": 1,
      "status": "Not Started",
      "archive": false,
      "start_date": "2025-07-01",
      "end_date": "2025-07-30",
      "cyclic_feedback": false,
      "cyclic_feedback_days_count": null,
      "cyclic_feedback_period": null,
      "cyclic_next_start_date": null,
      "cyclic_next_end_date": null,
      "colleague_id": [16, 18],
      "subordinate_id": [],
      "employee_key_results_id": []
    }
  },
  {
    "model": "pms.meetings",
    "pk": 1,
    "fields": {
      "created_at": "2025-07-10T03:20:51.009Z",
      "created_by": 1,
      "modified_by": 1,
      "is_active": true,
      "title": "Horilla Technical Meeting",
      "date": "2025-07-12T04:30:00Z",
      "question_template": 1,
      "response": null,
      "show_response": false,
      "employee_id": [12, 1, 37, 13],
      "manager": [1],
      "answer_employees": [12, 37, 13]
    }
  }
]
