[
  {
    "model": "recruitment.recruitment",
    "pk": 1,
    "fields": {
      "created_at": "2025-07-22T08:48:40.136Z",
      "created_by": 1,
      "modified_by": 1,
      "title": "Recruitment Drive",
      "description": "<p><b><u><span style=\"font-size: 18px;\">Position: Django Developer &amp; ODOO dev</span></u></b></p><p><b>Job Description:</b></p><p>We are seeking a skilled Django Developers and ODOO developers to join our dynamic team. The ideal candidate will have a strong background in web development with a focus on the Django framework. You will be responsible for designing, building, and maintaining high-performance web applications that are scalable and secure.</p><p><b>Key Responsibilities:</b></p><p>Develop and maintain web applications using Django.</p><p>Write clean, maintainable, and efficient code.</p><p>Design and implement robust APIs.</p><p>Collaborate with front-end developers to integrate user-facing elements.</p><p>Optimize applications for maximum speed and scalability.</p><p>Participate in code reviews to maintain code quality and share knowledge.</p><p>Stay updated with the latest industry trends and technologies.</p><p><b>Requirements:</b></p><p>Proven experience as a Django Developer.</p><p>Proficient in Python and Django framework.</p><p>Familiarity with front-end technologies (JavaScript, HTML5, CSS3).</p><p>Experience with relational databases (PostgreSQL, MySQL).</p><p>Knowledge of version control systems (Git).</p><p>Understanding of RESTful APIs and web services.</p><p>Strong problem-solving skills and attention to detail.</p><p>Excellent communication and teamwork skills.</p><p>BachelorÆs degree in Computer Science, Engineering, or a related field.</p><p><b>Preferred Qualifications:</b></p><p>Experience with cloud platforms (AWS, Azure, GCP).</p><p>Knowledge of containerization and orchestration (Docker, Kubernetes).</p><p>Familiarity with Agile development methodologies.</p>",
      "is_event_based": false,
      "closed": false,
      "is_published": true,
      "is_active": true,
      "job_position_id": null,
      "vacancy": 15,
      "company_id": 1,
      "start_date": "2025-07-01",
      "end_date": "2025-07-30",
      "optional_profile_image": false,
      "optional_resume": false,
      "open_positions": [1, 2],
      "recruitment_managers": [12, 1],
      "survey_templates": [],
      "skills": []
    }
  },
  {
    "model": "recruitment.recruitment",
    "pk": 2,
    "fields": {
      "created_at": "2025-07-22T08:55:43.899Z",
      "created_by": 1,
      "modified_by": 1,
      "title": "FutureForce Recruitment",
      "description": "<p>We are looking for a motivated and dynamic <b>Salesman</b> to join our team. The ideal candidate will have a passion for <b>sales, excellent communication skills, and a knack for building relationships with customers</b>. You will play a key role in driving our business growth by meeting sales targets and providing outstanding customer service.<br></p>",
      "is_event_based": false,
      "closed": false,
      "is_published": true,
      "is_active": true,
      "job_position_id": null,
      "vacancy": 10,
      "company_id": 1,
      "start_date": "2025-07-01",
      "end_date": "2025-07-30",
      "optional_profile_image": false,
      "optional_resume": false,
      "open_positions": [3],
      "recruitment_managers": [68],
      "survey_templates": [],
      "skills": []
    }
  },
  {
    "model": "recruitment.recruitment",
    "pk": 3,
    "fields": {
      "created_at": "2025-07-22T09:03:26.892Z",
      "created_by": 1,
      "modified_by": 1,
      "title": "Hiring Employees",
      "description": "<p>We are seeking a skilled Django Developer to join our dynamic team. The ideal candidate will have a strong background in web development with a focus on the Django framework. You will be responsible for designing, building, and maintaining high-performance web applications that are scalable and secure.<br></p>",
      "is_event_based": false,
      "closed": true,
      "is_published": true,
      "is_active": true,
      "job_position_id": null,
      "vacancy": 5,
      "company_id": null,
      "start_date": "2025-07-01",
      "end_date": "2025-07-30",
      "optional_profile_image": false,
      "optional_resume": false,
      "open_positions": [1, 2, 4],
      "recruitment_managers": [1],
      "survey_templates": [],
      "skills": []
    }
  },
  {
    "model": "recruitment.stage",
    "pk": 4,
    "fields": {
      "created_at": "2025-07-22T09:15:46.474Z",
      "created_by": 1,
      "modified_by": 1,
      "is_active": true,
      "recruitment_id": 1,
      "stage": "Interview",
      "stage_type": "interview",
      "sequence": 1,
      "stage_managers": [1]
    }
  },
  {
    "model": "recruitment.stage",
    "pk": 5,
    "fields": {
      "created_at": "2025-07-22T09:16:06.315Z",
      "created_by": 1,
      "modified_by": 1,
      "is_active": true,
      "recruitment_id": 1,
      "stage": "Hired",
      "stage_type": "hired",
      "sequence": 2,
      "stage_managers": [12]
    }
  },
  {
    "model": "recruitment.stage",
    "pk": 6,
    "fields": {
      "created_at": "2025-07-22T09:16:23.112Z",
      "created_by": 1,
      "modified_by": 1,
      "is_active": true,
      "recruitment_id": 1,
      "stage": "Cancelled",
      "stage_type": "cancelled",
      "sequence": 3,
      "stage_managers": [12]
    }
  },
  {
    "model": "recruitment.stage",
    "pk": 7,
    "fields": {
      "created_at": "2025-07-22T09:50:57.811Z",
      "created_by": 1,
      "modified_by": 1,
      "is_active": true,
      "recruitment_id": 2,
      "stage": "Hired",
      "stage_type": "hired",
      "sequence": 1,
      "stage_managers": [37]
    }
  },
  {
    "model": "recruitment.candidate",
    "pk": 1,
    "fields": {
      "created_at": "2025-07-22T09:15:26.692Z",
      "created_by": 1,
      "modified_by": 1,
      "is_active": true,
      "name": "Liam Bennett",
      "profile": "recruitment/profile/profile-pic-boy.jpg",
      "portfolio": "",
      "recruitment_id": 1,
      "job_position_id": 1,
      "stage_id": 5,
      "converted_employee_id": null,
      "schedule_date": null,
      "email": "liam.bennett@horilla.com",
      "mobile": "9876540101",
      "resume": "recruitment/resume/resume.pdf",
      "referral": null,
      "address": null,
      "country": null,
      "dob": null,
      "state": null,
      "city": null,
      "zip": null,
      "gender": "male",
      "source": null,
      "start_onboard": false,
      "hired": false,
      "canceled": false,
      "joining_date": null,
      "sequence": 0,
      "probation_end": null,
      "offer_letter_status": "not_sent",
      "last_updated": "2025-07-21"
    }
  },
  {
    "model": "recruitment.candidate",
    "pk": 2,
    "fields": {
      "created_at": "2025-07-22T09:17:20.896Z",
      "created_by": 1,
      "modified_by": 1,
      "is_active": true,
      "name": "Ava Mitchell",
      "profile": "recruitment/profile/profile-pic-girl.jpg",
      "portfolio": "",
      "recruitment_id": 1,
      "job_position_id": 1,
      "stage_id": 1,
      "converted_employee_id": null,
      "schedule_date": null,
      "email": "ava.mitchell@horilla.com",
      "mobile": "9876540102",
      "resume": "recruitment/resume/resume_HjTNWZS.pdf",
      "referral": null,
      "address": "",
      "country": "None",
      "dob": null,
      "state": "None",
      "city": null,
      "zip": null,
      "gender": "female",
      "source": null,
      "start_onboard": false,
      "hired": false,
      "canceled": false,
      "joining_date": null,
      "sequence": 1,
      "probation_end": null,
      "offer_letter_status": "not_sent",
      "last_updated": "2025-07-22"
    }
  },
  {
    "model": "recruitment.candidate",
    "pk": 3,
    "fields": {
      "created_at": "2025-07-22T09:18:12.908Z",
      "created_by": 1,
      "modified_by": 1,
      "is_active": true,
      "name": "Noah Anderson",
      "profile": "recruitment/profile/profile-pic-boy_3x50CKJ.jpg",
      "portfolio": "",
      "recruitment_id": 1,
      "job_position_id": 1,
      "stage_id": 6,
      "converted_employee_id": null,
      "schedule_date": null,
      "email": "noah.anderson@horilla.com",
      "mobile": "9876540103",
      "resume": "recruitment/resume/resume_CJGP0i7.pdf",
      "referral": null,
      "address": null,
      "country": null,
      "dob": null,
      "state": null,
      "city": null,
      "zip": null,
      "gender": "male",
      "source": null,
      "start_onboard": false,
      "hired": false,
      "canceled": false,
      "joining_date": null,
      "sequence": 0,
      "probation_end": null,
      "offer_letter_status": "not_sent",
      "last_updated": "2025-07-22"
    }
  },
  {
    "model": "recruitment.candidate",
    "pk": 4,
    "fields": {
      "created_at": "2025-07-22T09:19:04.142Z",
      "created_by": 1,
      "modified_by": 1,
      "is_active": true,
      "name": "Sophia Carter",
      "profile": "recruitment/profile/profile-pic-girl_pdfLQmu.jpg",
      "portfolio": "",
      "recruitment_id": 2,
      "job_position_id": 3,
      "stage_id": 2,
      "converted_employee_id": null,
      "schedule_date": null,
      "email": "sophia.carter@horilla.com",
      "mobile": "9876540104",
      "resume": "recruitment/resume/resume_isLsD8M.pdf",
      "referral": null,
      "address": "",
      "country": "None",
      "dob": null,
      "state": "None",
      "city": null,
      "zip": null,
      "gender": "female",
      "source": null,
      "start_onboard": false,
      "hired": false,
      "canceled": false,
      "joining_date": null,
      "sequence": 0,
      "probation_end": null,
      "offer_letter_status": "not_sent",
      "last_updated": "2025-07-22"
    }
  },
  {
    "model": "recruitment.candidate",
    "pk": 5,
    "fields": {
      "created_at": "2025-07-22T09:27:04.406Z",
      "created_by": 1,
      "modified_by": 1,
      "is_active": true,
      "name": "Elijah Collins",
      "profile": "recruitment/profile/profile-pic-girl_71HjRz0.jpg",
      "portfolio": "",
      "recruitment_id": 1,
      "job_position_id": 1,
      "stage_id": 1,
      "converted_employee_id": null,
      "schedule_date": null,
      "email": "isabella.morris@horilla.com",
      "mobile": "9876540106",
      "resume": "recruitment/resume/resume_Mr8M3VL.pdf",
      "referral": null,
      "address": "",
      "country": "None",
      "dob": null,
      "state": "None",
      "city": null,
      "zip": null,
      "gender": "female",
      "source": null,
      "start_onboard": false,
      "hired": false,
      "canceled": false,
      "joining_date": null,
      "sequence": 2,
      "probation_end": null,
      "offer_letter_status": "not_sent",
      "last_updated": "2025-07-22"
    }
  },
  {
    "model": "recruitment.candidate",
    "pk": 6,
    "fields": {
      "created_at": "2025-07-22T09:28:20.410Z",
      "created_by": 1,
      "modified_by": 1,
      "is_active": true,
      "name": "Lucas Rogers",
      "profile": "recruitment/profile/profile-pic-boy_8BU4hEF.jpg",
      "portfolio": "",
      "recruitment_id": 2,
      "job_position_id": 3,
      "stage_id": 7,
      "converted_employee_id": null,
      "schedule_date": null,
      "email": "lucas.rogers@horilla.com",
      "mobile": "9876540107",
      "resume": "recruitment/resume/resume_SjCrKeM.pdf",
      "referral": null,
      "address": "",
      "country": "None",
      "dob": null,
      "state": "None",
      "city": null,
      "zip": null,
      "gender": "male",
      "source": null,
      "start_onboard": false,
      "hired": false,
      "canceled": false,
      "joining_date": null,
      "sequence": 0,
      "probation_end": null,
      "offer_letter_status": "not_sent",
      "last_updated": "2025-07-22"
    }
  },
  {
    "model": "recruitment.candidate",
    "pk": 7,
    "fields": {
      "created_at": "2025-07-22T09:29:03.806Z",
      "created_by": 1,
      "modified_by": 1,
      "is_active": true,
      "name": "Mia Reed",
      "profile": "recruitment/profile/profile-pic-girl_JQCdXBh.jpg",
      "portfolio": "",
      "recruitment_id": 1,
      "job_position_id": 1,
      "stage_id": 4,
      "converted_employee_id": null,
      "schedule_date": null,
      "email": "mia.reed@horilla.com",
      "mobile": "9876540108",
      "resume": "recruitment/resume/resume_ZGFTZr3.pdf",
      "referral": null,
      "address": "",
      "country": "None",
      "dob": null,
      "state": "None",
      "city": null,
      "zip": null,
      "gender": "female",
      "source": null,
      "start_onboard": true,
      "hired": true,
      "canceled": false,
      "joining_date": "2025-07-15",
      "sequence": 0,
      "probation_end": null,
      "offer_letter_status": "not_sent",
      "last_updated": "2025-07-21"
    }
  },
  {
    "model": "recruitment.candidate",
    "pk": 8,
    "fields": {
      "created_at": "2025-07-22T09:30:53.508Z",
      "created_by": 1,
      "modified_by": 1,
      "is_active": true,
      "name": "William Peterson",
      "profile": "recruitment/profile/profile-pic-boy_ptJZGTj.jpg",
      "portfolio": "",
      "recruitment_id": 1,
      "job_position_id": 1,
      "stage_id": 5,
      "converted_employee_id": null,
      "schedule_date": null,
      "email": "william.peterson@horilla.com",
      "mobile": "9876540109",
      "resume": "recruitment/resume/resume_W98xQYe.pdf",
      "referral": null,
      "address": null,
      "country": null,
      "dob": null,
      "state": null,
      "city": null,
      "zip": null,
      "gender": "male",
      "source": null,
      "start_onboard": true,
      "hired": true,
      "canceled": false,
      "joining_date": "2025-07-15",
      "sequence": 2,
      "probation_end": null,
      "offer_letter_status": "not_sent",
      "last_updated": "2025-07-21"
    }
  },
  {
    "model": "recruitment.candidate",
    "pk": 9,
    "fields": {
      "created_at": "2025-07-22T09:32:33.155Z",
      "created_by": 1,
      "modified_by": 1,
      "is_active": true,
      "name": "Emily Turner",
      "profile": "recruitment/profile/profile-pic-girl_faJKmXQ.jpg",
      "portfolio": "",
      "recruitment_id": 1,
      "job_position_id": 1,
      "stage_id": 5,
      "converted_employee_id": null,
      "schedule_date": null,
      "email": "emily.turner@horilla.com",
      "mobile": "9876540110",
      "resume": "recruitment/resume/resume_6x1QM7Z.pdf",
      "referral": null,
      "address": "",
      "country": "None",
      "dob": null,
      "state": "None",
      "city": null,
      "zip": null,
      "gender": "female",
      "source": null,
      "start_onboard": true,
      "hired": true,
      "canceled": false,
      "joining_date": "2025-07-15",
      "sequence": 1,
      "probation_end": null,
      "offer_letter_status": "not_sent",
      "last_updated": "2025-07-22"
    }
  },
  {
    "model": "recruitment.candidate",
    "pk": 10,
    "fields": {
      "created_at": "2025-07-22T09:35:18.587Z",
      "created_by": 1,
      "modified_by": 1,
      "is_active": true,
      "name": "James Perry",
      "profile": "recruitment/profile/profile-pic-boy_F0C3uYX.jpg",
      "portfolio": "",
      "recruitment_id": 1,
      "job_position_id": 1,
      "stage_id": 6,
      "converted_employee_id": null,
      "schedule_date": null,
      "email": "james.perry@horilla.com",
      "mobile": "9876540111",
      "resume": "recruitment/resume/resume_k4pB5mo.pdf",
      "referral": null,
      "address": null,
      "country": null,
      "dob": null,
      "state": null,
      "city": null,
      "zip": null,
      "gender": "male",
      "source": null,
      "start_onboard": false,
      "hired": true,
      "canceled": false,
      "joining_date": "2025-07-17",
      "sequence": 1,
      "probation_end": null,
      "offer_letter_status": "not_sent",
      "last_updated": "2025-07-22"
    }
  },
  {
    "model": "recruitment.candidate",
    "pk": 11,
    "fields": {
      "created_at": "2025-07-22T09:39:58.366Z",
      "created_by": 1,
      "modified_by": 1,
      "is_active": true,
      "name": "Olivia Coleman",
      "profile": "recruitment/profile/profile-pic-girl_qk2wNe3.jpg",
      "portfolio": "",
      "recruitment_id": 1,
      "job_position_id": 1,
      "stage_id": 5,
      "converted_employee_id": null,
      "schedule_date": null,
      "email": "olivia.coleman@horilla.com",
      "mobile": "9876540112",
      "resume": "recruitment/resume/resume_Toa3pyH.pdf",
      "referral": null,
      "address": null,
      "country": null,
      "dob": null,
      "state": null,
      "city": null,
      "zip": null,
      "gender": "female",
      "source": null,
      "start_onboard": false,
      "hired": true,
      "canceled": false,
      "joining_date": "2025-07-17",
      "sequence": 3,
      "probation_end": null,
      "offer_letter_status": "not_sent",
      "last_updated": "2025-07-22"
    }
  },
  {
    "model": "recruitment.candidate",
    "pk": 12,
    "fields": {
      "created_at": "2025-07-22T09:41:43.261Z",
      "created_by": 1,
      "modified_by": 1,
      "is_active": true,
      "name": "Benjamin Foster",
      "profile": "recruitment/profile/profile-pic-boy_ScKEVYB.jpg",
      "portfolio": "",
      "recruitment_id": 1,
      "job_position_id": 1,
      "stage_id": 1,
      "converted_employee_id": null,
      "schedule_date": null,
      "email": "benjamin.foster@horilla.com",
      "mobile": "9876540113",
      "resume": "recruitment/resume/resume_uIv7EBy.pdf",
      "referral": null,
      "address": null,
      "country": null,
      "dob": null,
      "state": null,
      "city": null,
      "zip": null,
      "gender": "male",
      "source": null,
      "start_onboard": false,
      "hired": false,
      "canceled": false,
      "joining_date": null,
      "sequence": 3,
      "probation_end": null,
      "offer_letter_status": "not_sent",
      "last_updated": "2025-07-22"
    }
  },
  {
    "model": "recruitment.candidate",
    "pk": 13,
    "fields": {
      "created_at": "2025-07-22T09:42:23.436Z",
      "created_by": 1,
      "modified_by": 1,
      "is_active": true,
      "name": "Charlotte Brooks",
      "profile": "recruitment/profile/profile-pic-girl_G4XKTol.jpg",
      "portfolio": "",
      "recruitment_id": 2,
      "job_position_id": 3,
      "stage_id": 2,
      "converted_employee_id": null,
      "schedule_date": null,
      "email": "charlotte.brooks@horilla.com",
      "mobile": "9876540114",
      "resume": "recruitment/resume/resume_8LRlV56.pdf",
      "referral": null,
      "address": "",
      "country": "None",
      "dob": null,
      "state": "None",
      "city": null,
      "zip": null,
      "gender": "female",
      "source": null,
      "start_onboard": false,
      "hired": false,
      "canceled": false,
      "joining_date": null,
      "sequence": 1,
      "probation_end": null,
      "offer_letter_status": "not_sent",
      "last_updated": "2025-07-22"
    }
  },
  {
    "model": "recruitment.candidate",
    "pk": 14,
    "fields": {
      "created_at": "2025-07-22T09:43:13.951Z",
      "created_by": 1,
      "modified_by": 1,
      "is_active": true,
      "name": "Henry Jenkins",
      "profile": "recruitment/profile/profile-pic-boy_s01KZ40.jpg",
      "portfolio": "",
      "recruitment_id": 1,
      "job_position_id": 1,
      "stage_id": 1,
      "converted_employee_id": null,
      "schedule_date": null,
      "email": "henry.jenkins@horilla.com",
      "mobile": "9876540115",
      "resume": "recruitment/resume/resume_0Nvfipm.pdf",
      "referral": null,
      "address": null,
      "country": null,
      "dob": null,
      "state": null,
      "city": null,
      "zip": null,
      "gender": "male",
      "source": null,
      "start_onboard": false,
      "hired": false,
      "canceled": false,
      "joining_date": null,
      "sequence": 4,
      "probation_end": null,
      "offer_letter_status": "not_sent",
      "last_updated": "2025-07-22"
    }
  },
  {
    "model": "recruitment.candidate",
    "pk": 15,
    "fields": {
      "created_at": "2025-07-22T09:44:42.216Z",
      "created_by": 1,
      "modified_by": 1,
      "is_active": true,
      "name": "Amelia Hayes",
      "profile": "recruitment/profile/profile-pic-girl_fTSC0TU.jpg",
      "portfolio": "",
      "recruitment_id": 1,
      "job_position_id": 1,
      "stage_id": 1,
      "converted_employee_id": null,
      "schedule_date": null,
      "email": "amelia.hayes@horilla.com",
      "mobile": "9876540116",
      "resume": "recruitment/resume/resume_gPOC7cN.pdf",
      "referral": null,
      "address": null,
      "country": null,
      "dob": null,
      "state": null,
      "city": null,
      "zip": null,
      "gender": "female",
      "source": null,
      "start_onboard": false,
      "hired": false,
      "canceled": false,
      "joining_date": null,
      "sequence": 5,
      "probation_end": null,
      "offer_letter_status": "not_sent",
      "last_updated": "2025-07-22"
    }
  },
  {
    "model": "recruitment.candidate",
    "pk": 16,
    "fields": {
      "created_at": "2025-07-22T09:45:16.185Z",
      "created_by": 1,
      "modified_by": 1,
      "is_active": true,
      "name": "Grace Price",
      "profile": "recruitment/profile/profile-pic-girl_FrIk14d.jpg",
      "portfolio": "",
      "recruitment_id": 1,
      "job_position_id": 1,
      "stage_id": 1,
      "converted_employee_id": null,
      "schedule_date": null,
      "email": "grace.price@horilla.com",
      "mobile": "9876540118",
      "resume": "recruitment/resume/resume_ru3PeM7.pdf",
      "referral": null,
      "address": null,
      "country": null,
      "dob": null,
      "state": null,
      "city": null,
      "zip": null,
      "gender": "female",
      "source": null,
      "start_onboard": false,
      "hired": false,
      "canceled": false,
      "joining_date": null,
      "sequence": 6,
      "probation_end": null,
      "offer_letter_status": "not_sent",
      "last_updated": "2025-07-22"
    }
  },
  {
    "model": "recruitment.candidate",
    "pk": 17,
    "fields": {
      "created_at": "2025-07-22T09:45:47.746Z",
      "created_by": 1,
      "modified_by": 1,
      "is_active": true,
      "name": "Sebastian Howard",
      "profile": "recruitment/profile/profile-pic-boy_hFrhE2S.jpg",
      "portfolio": "",
      "recruitment_id": 1,
      "job_position_id": 1,
      "stage_id": 1,
      "converted_employee_id": null,
      "schedule_date": null,
      "email": "sebastian.howard@horilla.com",
      "mobile": "9876540117",
      "resume": "recruitment/resume/resume_AQzECPu.pdf",
      "referral": null,
      "address": null,
      "country": null,
      "dob": null,
      "state": null,
      "city": null,
      "zip": null,
      "gender": "male",
      "source": null,
      "start_onboard": false,
      "hired": false,
      "canceled": false,
      "joining_date": null,
      "sequence": 7,
      "probation_end": null,
      "offer_letter_status": "not_sent",
      "last_updated": "2025-07-22"
    }
  },
  {
    "model": "recruitment.rejectreason",
    "pk": 1,
    "fields": {
      "created_at": "2025-07-22T08:27:14.458Z",
      "created_by": 1,
      "modified_by": 1,
      "is_active": true,
      "title": "Long distance",
      "description": "Employee have to travel long distance",
      "company_id": null
    }
  },
  {
    "model": "recruitment.rejectreason",
    "pk": 2,
    "fields": {
      "created_at": "2025-07-22T08:28:07.731Z",
      "created_by": 1,
      "modified_by": 1,
      "is_active": true,
      "title": "Salary misagreement",
      "description": "Employees not statisfied the salary package",
      "company_id": null
    }
  },
  {
    "model": "recruitment.skillzone",
    "pk": 1,
    "fields": {
      "created_at": "2025-07-22T10:10:06.363Z",
      "created_by": 1,
      "modified_by": 1,
      "is_active": true,
      "title": "Designer",
      "description": "candidates with promising design skill are added here",
      "company_id": null
    }
  },
  {
    "model": "recruitment.skillzone",
    "pk": 2,
    "fields": {
      "created_at": "2025-07-22T10:11:06.363Z",
      "created_by": 1,
      "modified_by": 1,
      "is_active": true,
      "title": "Social Media Influencer",
      "description": "candidates with promising design skill are added here",
      "company_id": null
    }
  },
  {
    "model": "recruitment.skillzonecandidate",
    "pk": 1,
    "fields": {
      "created_at": "2025-07-22T10:10:37.109Z",
      "created_by": 1,
      "modified_by": 1,
      "is_active": true,
      "skill_zone_id": 1,
      "candidate_id": 3,
      "reason": "better design knowledge",
      "added_on": "2025-07-22"
    }
  },
  {
    "model": "recruitment.candidaterating",
    "pk": 1,
    "fields": {
      "created_at": "2025-07-21T08:38:48.996Z",
      "created_by": 1,
      "modified_by": 1,
      "is_active": true,
      "employee_id": 1,
      "candidate_id": 6,
      "rating": 3
    }
  },
  {
    "model": "recruitment.interviewschedule",
    "pk": 1,
    "fields": {
      "created_at": "2025-07-22T09:59:26.359Z",
      "created_by": 1,
      "modified_by": 1,
      "is_active": true,
      "candidate_id": 15,
      "interview_date": "2025-07-24",
      "interview_time": "10:30:00",
      "description": "",
      "completed": false,
      "employee_id": [1]
    }
  },
  {
    "model": "recruitment.surveytemplate",
    "pk": 1,
    "fields": {
      "created_at": "2025-07-17T09:03:25.711Z",
      "created_by": 1,
      "modified_by": 1,
      "is_active": true,
      "title": "Python Question Template",
      "description": "Description",
      "is_general_template": false,
      "company_id": 1
    }
  },
  {
    "model": "recruitment.surveytemplate",
    "pk": 2,
    "fields": {
      "created_at": "2025-07-15T04:08:07.657Z",
      "created_by": 1,
      "modified_by": 1,
      "is_active": true,
      "title": "Odoo Developer Template",
      "description": "For an Odoo developer interview exam, here are some types of questions that can be asked using the provided",
      "is_general_template": false,
      "company_id": 1
    }
  },
  {
    "model": "recruitment.surveytemplate",
    "pk": 3,
    "fields": {
      "created_at": "2025-07-15T04:13:08.737Z",
      "created_by": 1,
      "modified_by": 1,
      "is_active": true,
      "title": "Django Developer Template",
      "description": "Here are some types of questions you can ask in a Django developer interview exam.",
      "is_general_template": false,
      "company_id": 1
    }
  },
  {
    "model": "recruitment.recruitmentsurvey",
    "pk": 1,
    "fields": {
      "created_at": "2025-07-17T09:06:47.055Z",
      "created_by": 1,
      "modified_by": 1,
      "is_active": true,
      "is_mandatory": false,
      "question": "What is Python, and what are its key features?",
      "sequence": 0,
      "type": "text",
      "options": "",
      "template_id": [1],
      "recruitment_ids": [1],
      "job_position_ids": []
    }
  },
  {
    "model": "recruitment.recruitmentsurvey",
    "pk": 2,
    "fields": {
      "created_at": "2025-07-17T09:07:14.100Z",
      "created_by": 1,
      "modified_by": 1,
      "is_active": true,
      "is_mandatory": false,
      "question": "What is the difference between a list and a tuple?",
      "sequence": 0,
      "type": "text",
      "options": "",
      "template_id": [1],
      "recruitment_ids": [1],
      "job_position_ids": []
    }
  },
  {
    "model": "recruitment.recruitmentsurvey",
    "pk": 3,
    "fields": {
      "created_at": "2025-07-15T04:08:37.429Z",
      "created_by": 1,
      "modified_by": 1,
      "is_active": true,
      "is_mandatory": true,
      "question": "Have you worked with Odoo's ORM before ?",
      "sequence": 0,
      "type": "checkbox",
      "options": "",
      "template_id": [2],
      "recruitment_ids": [1],
      "job_position_ids": []
    }
  },
  {
    "model": "recruitment.recruitmentsurvey",
    "pk": 4,
    "fields": {
      "created_at": "2025-07-15T04:09:33.102Z",
      "created_by": 1,
      "modified_by": 1,
      "is_active": true,
      "is_mandatory": true,
      "question": "Which Odoo module have you worked on the most?",
      "sequence": 0,
      "type": "options",
      "options": "Sales, Inventory, Accounting, Human Resources",
      "template_id": [2],
      "recruitment_ids": [1],
      "job_position_ids": []
    }
  },
  {
    "model": "recruitment.recruitmentsurvey",
    "pk": 5,
    "fields": {
      "created_at": "2025-07-15T04:10:25.767Z",
      "created_by": 1,
      "modified_by": 1,
      "is_active": true,
      "is_mandatory": true,
      "question": "Which of the following are key features of OdooÆs ORM?",
      "sequence": 0,
      "type": "multiple",
      "options": "Data modeling, SQL query generation, Form building, Workflow automation",
      "template_id": [2],
      "recruitment_ids": [1],
      "job_position_ids": []
    }
  },
  {
    "model": "recruitment.recruitmentsurvey",
    "pk": 6,
    "fields": {
      "created_at": "2025-07-15T04:10:47.869Z",
      "created_by": 1,
      "modified_by": 1,
      "is_active": true,
      "is_mandatory": false,
      "question": "Explain how you would customize an Odoo report for a client.",
      "sequence": 0,
      "type": "text",
      "options": "",
      "template_id": [2],
      "recruitment_ids": [1],
      "job_position_ids": []
    }
  },
  {
    "model": "recruitment.recruitmentsurvey",
    "pk": 7,
    "fields": {
      "created_at": "2025-07-15T04:11:01.784Z",
      "created_by": 1,
      "modified_by": 1,
      "is_active": true,
      "is_mandatory": false,
      "question": "How many years of experience do you have working with Odoo?",
      "sequence": 0,
      "type": "number",
      "options": "",
      "template_id": [2],
      "recruitment_ids": [1],
      "job_position_ids": []
    }
  },
  {
    "model": "recruitment.recruitmentsurvey",
    "pk": 8,
    "fields": {
      "created_at": "2025-07-15T04:11:20.757Z",
      "created_by": 1,
      "modified_by": 1,
      "is_active": true,
      "is_mandatory": false,
      "question": "Estimate your proficiency with Python in relation to Odoo development (0-100%).",
      "sequence": 0,
      "type": "percentage",
      "options": "",
      "template_id": [2],
      "recruitment_ids": [1],
      "job_position_ids": []
    }
  },
  {
    "model": "recruitment.recruitmentsurvey",
    "pk": 9,
    "fields": {
      "created_at": "2025-07-15T04:11:41.456Z",
      "created_by": 1,
      "modified_by": 1,
      "is_active": true,
      "is_mandatory": true,
      "question": "Rate your experience in using Odoo Studio on a scale of 1 to 5.",
      "sequence": 0,
      "type": "rating",
      "options": "",
      "template_id": [2],
      "recruitment_ids": [1],
      "job_position_ids": []
    }
  },
  {
    "model": "recruitment.recruitmentsurvey",
    "pk": 10,
    "fields": {
      "created_at": "2025-07-15T04:13:39.132Z",
      "created_by": 1,
      "modified_by": 1,
      "is_active": true,
      "is_mandatory": true,
      "question": "Have you implemented class-based views (CBVs) in Django?",
      "sequence": 0,
      "type": "checkbox",
      "options": "",
      "template_id": [3],
      "recruitment_ids": [2],
      "job_position_ids": []
    }
  },
  {
    "model": "recruitment.recruitmentsurvey",
    "pk": 11,
    "fields": {
      "created_at": "2025-07-15T04:14:26.896Z",
      "created_by": 1,
      "modified_by": 1,
      "is_active": true,
      "is_mandatory": true,
      "question": "Which ORM-related tasks have you most frequently used in Django?",
      "sequence": 0,
      "type": "options",
      "options": "Writing custom queries, Query optimization, Database migrations, Managing relations between models",
      "template_id": [3],
      "recruitment_ids": [2],
      "job_position_ids": []
    }
  },
  {
    "model": "recruitment.recruitmentsurvey",
    "pk": 12,
    "fields": {
      "created_at": "2025-07-15T04:15:18.850Z",
      "created_by": 1,
      "modified_by": 1,
      "is_active": true,
      "is_mandatory": true,
      "question": "Which of the following are key components of Django's architecture ?",
      "sequence": 0,
      "type": "options",
      "options": "Views, Models, Controllers, Templates",
      "template_id": [3],
      "recruitment_ids": [2],
      "job_position_ids": []
    }
  },
  {
    "model": "recruitment.recruitmentsurvey",
    "pk": 13,
    "fields": {
      "created_at": "2025-07-15T04:15:35.442Z",
      "created_by": 1,
      "modified_by": 1,
      "is_active": true,
      "is_mandatory": false,
      "question": "How do you handle user authentication in a Django project?",
      "sequence": 0,
      "type": "text",
      "options": "",
      "template_id": [3],
      "recruitment_ids": [2],
      "job_position_ids": []
    }
  }
]
